FrameNumber,PredictionString
0,bird 0.60 0.55 0.58 0.24 0.36 bird 0.34 0.46 0.48 0.28 0.41 bird 0.47 0.38 0.40 0.38 0.47 bird 0.31 0.72 0.76 0.43 0.48 bird 0.36 0.31 0.34 0.44 0.56 bird 0.62 0.73 0.80 0.44 0.55 bird 0.34 0.36 0.39 0.54 0.64 bird 0.44 0.38 0.43 0.54 0.63 bird 0.50 0.51 0.59 0.54 0.67 bird 0.58 0.21 0.28 0.52 0.78 bird 0.40 0.26 0.34 0.74 0.84 bird 0.33 0.39 0.49 0.72 0.86 bird 0.36 0.46 0.50 0.75 0.84 bird 0.33 0.06 0.17 0.84 0.98 
1,bird 0.70 0.55 0.59 0.24 0.36 bird 0.36 0.46 0.49 0.28 0.41 bird 0.42 0.38 0.41 0.38 0.46 bird 0.35 0.31 0.35 0.44 0.55 bird 0.60 0.73 0.80 0.44 0.55 bird 0.32 0.36 0.39 0.53 0.64 bird 0.41 0.38 0.43 0.53 0.63 bird 0.49 0.51 0.58 0.53 0.67 bird 0.54 0.21 0.29 0.51 0.78 bird 0.38 0.27 0.34 0.74 0.83 bird 0.35 0.46 0.49 0.75 0.83 bird 0.38 0.07 0.18 0.87 1.00 
2,bird 0.54 0.56 0.59 0.25 0.35 bird 0.32 0.72 0.76 0.43 0.48 bird 0.56 0.73 0.81 0.45 0.57 bird 0.37 0.36 0.40 0.52 0.65 bird 0.41 0.38 0.43 0.53 0.63 bird 0.32 0.50 0.54 0.53 0.63 bird 0.33 0.51 0.58 0.53 0.67 bird 0.45 0.22 0.28 0.51 0.78 bird 0.33 0.46 0.49 0.74 0.83 
3,bird 0.55 0.55 0.59 0.25 0.35 bird 0.32 0.71 0.75 0.43 0.48 bird 0.48 0.72 0.80 0.44 0.55 bird 0.39 0.36 0.40 0.53 0.64 bird 0.43 0.38 0.43 0.52 0.63 bird 0.45 0.51 0.58 0.53 0.67 bird 0.44 0.22 0.28 0.51 0.78 bird 0.36 0.43 0.47 0.70 0.78 bird 0.33 0.06 0.17 0.85 0.98 
4,bird 0.44 0.72 0.80 0.44 0.55 bird 0.39 0.22 0.27 0.49 0.71 bird 0.42 0.37 0.39 0.54 0.63 bird 0.42 0.38 0.43 0.52 0.63 
5,bird 0.41 0.56 0.58 0.25 0.33 bird 0.36 0.72 0.77 0.45 0.53 bird 0.41 0.22 0.26 0.53 0.65 bird 0.45 0.36 0.39 0.53 0.63 bird 0.47 0.38 0.42 0.52 0.63 bird 0.32 0.22 0.28 0.53 0.77 person 0.36 0.07 0.16 0.87 1.00 
6,bird 0.30 0.49 0.52 0.22 0.33 bird 0.45 0.56 0.58 0.24 0.33 bird 0.36 0.38 0.41 0.37 0.46 bird 0.36 0.72 0.77 0.46 0.53 bird 0.35 0.72 0.80 0.45 0.56 bird 0.35 0.76 0.80 0.49 0.55 bird 0.48 0.22 0.25 0.52 0.65 bird 0.59 0.37 0.39 0.52 0.64 bird 0.46 0.38 0.42 0.51 0.63 bird 0.35 0.50 0.54 0.53 0.63 bird 0.35 0.22 0.28 0.52 0.78 bird 0.33 0.54 0.58 0.60 0.69 person 0.43 0.06 0.17 0.88 0.99 
7,bird 0.47 0.38 0.40 0.37 0.47 bird 0.35 0.31 0.34 0.44 0.56 bird 0.34 0.72 0.77 0.47 0.53 bird 0.39 0.76 0.80 0.49 0.55 bird 0.35 0.22 0.27 0.47 0.71 bird 0.64 0.36 0.39 0.52 0.64 bird 0.41 0.39 0.43 0.51 0.63 bird 0.37 0.50 0.55 0.52 0.64 
8,bird 0.38 0.38 0.40 0.37 0.47 bird 0.33 0.31 0.34 0.44 0.56 bird 0.33 0.72 0.77 0.47 0.53 bird 0.34 0.76 0.81 0.49 0.55 bird 0.56 0.36 0.39 0.51 0.65 bird 0.44 0.39 0.43 0.51 0.63 bird 0.40 0.51 0.54 0.52 0.64 bird 0.40 0.77 0.82 0.51 0.59 bird 0.33 0.22 0.28 0.51 0.79 bird 0.33 0.39 0.46 0.67 0.81 
9,bird 0.40 0.38 0.40 0.36 0.47 bird 0.34 0.31 0.34 0.43 0.56 bird 0.30 0.23 0.25 0.52 0.64 bird 0.42 0.36 0.39 0.52 0.64 bird 0.37 0.39 0.43 0.51 0.62 bird 0.32 0.50 0.54 0.52 0.64 bird 0.35 0.77 0.82 0.51 0.59 bird 0.32 0.22 0.29 0.50 0.79 
10,bird 0.44 0.72 0.80 0.45 0.57 bird 0.30 0.39 0.43 0.52 0.63 bird 0.30 0.50 0.54 0.53 0.64 
11,bird 0.33 0.56 0.59 0.23 0.32 bird 0.41 0.38 0.40 0.36 0.46 bird 0.35 0.31 0.34 0.43 0.55 bird 0.50 0.71 0.80 0.45 0.57 bird 0.36 0.38 0.43 0.51 0.63 
12,bird 0.45 0.56 0.59 0.23 0.33 bird 0.31 0.46 0.49 0.28 0.40 bird 0.35 0.38 0.41 0.37 0.45 bird 0.57 0.71 0.80 0.45 0.57 bird 0.34 0.37 0.39 0.53 0.63 bird 0.47 0.38 0.42 0.51 0.61 bird 0.32 0.50 0.54 0.53 0.63 bird 0.36 0.53 0.56 0.60 0.69 bird 0.32 0.30 0.38 0.67 0.81 bird 0.44 0.40 0.45 0.68 0.78 
13,bird 0.30 0.56 0.58 0.24 0.31 bird 0.34 0.38 0.40 0.36 0.46 bird 0.45 0.71 0.80 0.45 0.57 bird 0.35 0.36 0.39 0.53 0.63 bird 0.49 0.38 0.42 0.50 0.62 bird 0.40 0.50 0.55 0.51 0.69 bird 0.32 0.22 0.28 0.50 0.79 bird 0.40 0.53 0.56 0.60 0.69 bird 0.32 0.32 0.37 0.69 0.78 bird 0.41 0.40 0.45 0.68 0.78 
14,bird 0.33 0.56 0.59 0.23 0.31 bird 0.37 0.38 0.40 0.37 0.46 bird 0.41 0.71 0.80 0.45 0.57 bird 0.41 0.39 0.43 0.51 0.61 bird 0.35 0.22 0.28 0.48 0.80 bird 0.40 0.53 0.56 0.60 0.69 bird 0.41 0.40 0.45 0.68 0.78 bird 0.31 0.71 0.77 0.67 0.83 
15,bird 0.44 0.38 0.40 0.37 0.46 bird 0.34 0.37 0.39 0.54 0.62 bird 0.41 0.39 0.43 0.50 0.61 bird 0.38 0.22 0.28 0.47 0.82 bird 0.41 0.53 0.57 0.59 0.69 bird 0.36 0.40 0.45 0.68 0.77 
16,bird 0.30 0.56 0.59 0.22 0.32 bird 0.39 0.38 0.40 0.37 0.46 bird 0.44 0.23 0.26 0.44 0.57 bird 0.36 0.32 0.35 0.43 0.55 bird 0.33 0.72 0.76 0.47 0.55 bird 0.33 0.71 0.80 0.45 0.57 bird 0.38 0.39 0.43 0.51 0.61 bird 0.40 0.51 0.54 0.52 0.64 bird 0.37 0.77 0.82 0.51 0.59 bird 0.38 0.38 0.45 0.54 0.76 bird 0.40 0.53 0.56 0.59 0.69 bird 0.45 0.30 0.36 0.68 0.77 bird 0.45 0.39 0.44 0.67 0.77 
17,bird 0.43 0.56 0.59 0.22 0.32 bird 0.52 0.38 0.41 0.37 0.46 bird 0.35 0.23 0.26 0.45 0.57 bird 0.34 0.32 0.35 0.43 0.54 bird 0.48 0.72 0.80 0.45 0.57 bird 0.40 0.39 0.43 0.51 0.61 bird 0.37 0.51 0.54 0.53 0.64 bird 0.40 0.76 0.82 0.51 0.59 bird 0.32 0.21 0.34 0.41 0.88 bird 0.44 0.53 0.56 0.59 0.69 bird 0.42 0.30 0.36 0.69 0.78 bird 0.38 0.40 0.44 0.68 0.76 
18,bird 0.51 0.38 0.40 0.37 0.45 bird 0.30 0.23 0.26 0.46 0.55 bird 0.34 0.32 0.35 0.42 0.53 bird 0.53 0.72 0.80 0.46 0.57 bird 0.33 0.39 0.43 0.52 0.61 bird 0.40 0.51 0.55 0.53 0.64 bird 0.33 0.76 0.82 0.51 0.60 bird 0.41 0.21 0.34 0.41 0.88 bird 0.40 0.37 0.45 0.54 0.76 bird 0.38 0.53 0.57 0.59 0.68 bird 0.39 0.30 0.36 0.68 0.78 bird 0.38 0.40 0.44 0.67 0.76 
19,bird 0.35 0.47 0.49 0.28 0.40 bird 0.32 0.31 0.33 0.40 0.49 bird 0.51 0.38 0.41 0.36 0.46 bird 0.53 0.71 0.80 0.46 0.57 bird 0.36 0.51 0.55 0.53 0.63 bird 0.45 0.75 0.82 0.51 0.60 bird 0.49 0.21 0.34 0.39 0.90 bird 0.42 0.38 0.45 0.52 0.78 bird 0.31 0.53 0.57 0.59 0.68 bird 0.33 0.30 0.35 0.69 0.78 
20,bird 0.30 0.56 0.60 0.23 0.29 bird 0.31 0.47 0.49 0.28 0.40 bird 0.32 0.31 0.34 0.39 0.48 bird 0.51 0.38 0.41 0.37 0.46 bird 0.34 0.39 0.43 0.47 0.57 bird 0.52 0.72 0.80 0.46 0.58 bird 0.41 0.51 0.55 0.52 0.64 bird 0.37 0.76 0.81 0.51 0.60 bird 0.54 0.21 0.35 0.39 0.88 bird 0.44 0.37 0.45 0.52 0.78 
21,bird 0.31 0.57 0.60 0.22 0.30 bird 0.36 0.31 0.34 0.39 0.49 bird 0.41 0.38 0.41 0.37 0.46 bird 0.39 0.23 0.26 0.45 0.56 bird 0.59 0.72 0.80 0.46 0.58 bird 0.43 0.39 0.43 0.50 0.62 bird 0.38 0.51 0.55 0.52 0.64 bird 0.32 0.76 0.81 0.51 0.60 bird 0.54 0.21 0.35 0.39 0.87 bird 0.36 0.37 0.44 0.54 0.77 
22,bird 0.30 0.57 0.60 0.22 0.30 bird 0.34 0.31 0.34 0.39 0.49 bird 0.43 0.38 0.41 0.37 0.46 bird 0.39 0.23 0.26 0.45 0.56 bird 0.56 0.71 0.80 0.47 0.58 bird 0.43 0.38 0.44 0.48 0.66 bird 0.43 0.51 0.55 0.52 0.65 bird 0.43 0.21 0.34 0.41 0.86 
23,bird 0.42 0.57 0.60 0.21 0.31 bird 0.30 0.47 0.50 0.28 0.40 bird 0.31 0.31 0.34 0.39 0.49 bird 0.49 0.38 0.41 0.36 0.46 bird 0.36 0.23 0.27 0.45 0.56 bird 0.49 0.71 0.80 0.46 0.57 bird 0.53 0.37 0.44 0.48 0.65 bird 0.48 0.51 0.55 0.52 0.65 bird 0.50 0.75 0.81 0.52 0.61 bird 0.44 0.21 0.34 0.42 0.86 bird 0.33 0.24 0.33 0.65 0.81 
24,bird 0.45 0.57 0.60 0.22 0.30 bird 0.33 0.47 0.50 0.28 0.40 bird 0.36 0.31 0.34 0.39 0.48 bird 0.54 0.38 0.41 0.36 0.46 bird 0.30 0.23 0.27 0.44 0.55 bird 0.50 0.70 0.79 0.47 0.57 bird 0.51 0.37 0.44 0.49 0.65 bird 0.45 0.51 0.55 0.52 0.65 bird 0.31 0.75 0.81 0.52 0.61 bird 0.36 0.21 0.34 0.41 0.87 
25,sheep 0.31 0.57 0.60 0.22 0.30 bird 0.41 0.31 0.34 0.38 0.49 bird 0.55 0.38 0.41 0.36 0.46 bird 0.47 0.70 0.79 0.47 0.57 bird 0.45 0.37 0.44 0.48 0.66 bird 0.44 0.51 0.55 0.52 0.66 bird 0.37 0.21 0.34 0.41 0.89 bird 0.33 0.37 0.41 0.62 0.72 
26,bird 0.40 0.31 0.34 0.39 0.49 bird 0.50 0.38 0.41 0.36 0.47 bird 0.31 0.23 0.27 0.44 0.55 bird 0.46 0.39 0.43 0.45 0.59 bird 0.43 0.70 0.79 0.47 0.57 bird 0.39 0.51 0.54 0.53 0.65 bird 0.46 0.21 0.34 0.42 0.88 
27,bird 0.41 0.31 0.34 0.39 0.49 bird 0.46 0.38 0.42 0.37 0.46 bird 0.34 0.22 0.28 0.41 0.61 bird 0.54 0.70 0.79 0.47 0.57 bird 0.43 0.37 0.44 0.48 0.65 bird 0.38 0.51 0.54 0.52 0.64 bird 0.39 0.21 0.35 0.41 0.89 
28,bird 0.32 0.57 0.60 0.22 0.29 bird 0.33 0.47 0.50 0.28 0.40 bird 0.42 0.31 0.34 0.39 0.48 bird 0.49 0.38 0.42 0.37 0.46 bird 0.32 0.22 0.28 0.41 0.60 bird 0.54 0.70 0.79 0.47 0.57 bird 0.43 0.37 0.44 0.49 0.65 bird 0.39 0.51 0.54 0.53 0.64 bird 0.31 0.20 0.35 0.40 0.89 bird 0.44 0.36 0.39 0.60 0.71 bird 0.36 0.51 0.55 0.58 0.68 
29,bird 0.34 0.57 0.60 0.22 0.29 bird 0.35 0.47 0.50 0.28 0.39 bird 0.33 0.25 0.29 0.39 0.50 bird 0.46 0.31 0.34 0.38 0.49 bird 0.53 0.38 0.42 0.37 0.46 bird 0.36 0.22 0.28 0.41 0.61 bird 0.30 0.71 0.76 0.49 0.55 bird 0.46 0.39 0.43 0.50 0.61 bird 0.44 0.51 0.54 0.53 0.65 bird 0.42 0.72 0.77 0.51 0.59 bird 0.42 0.21 0.35 0.41 0.87 bird 0.47 0.36 0.40 0.60 0.71 
30,bird 0.34 0.47 0.50 0.29 0.39 bird 0.35 0.25 0.29 0.40 0.50 bird 0.45 0.31 0.33 0.39 0.48 bird 0.52 0.39 0.42 0.37 0.46 bird 0.38 0.24 0.28 0.44 0.54 bird 0.45 0.40 0.43 0.47 0.58 bird 0.45 0.71 0.79 0.49 0.61 bird 0.57 0.36 0.39 0.60 0.71 bird 0.39 0.51 0.55 0.58 0.69 bird 0.37 0.24 0.32 0.66 0.80 
31,bird 0.35 0.58 0.60 0.21 0.30 bird 0.35 0.47 0.50 0.29 0.39 bird 0.36 0.25 0.29 0.40 0.50 bird 0.47 0.31 0.33 0.38 0.48 bird 0.54 0.38 0.42 0.37 0.46 bird 0.39 0.22 0.27 0.41 0.60 bird 0.34 0.71 0.75 0.49 0.56 bird 0.44 0.39 0.42 0.51 0.60 bird 0.34 0.51 0.54 0.54 0.64 bird 0.48 0.72 0.77 0.51 0.59 bird 0.46 0.36 0.39 0.62 0.71 bird 0.40 0.51 0.55 0.58 0.70 bird 0.38 0.25 0.32 0.66 0.80 
32,bird 0.31 0.47 0.50 0.29 0.39 bird 0.34 0.25 0.28 0.40 0.50 bird 0.47 0.31 0.34 0.38 0.49 bird 0.44 0.39 0.42 0.36 0.47 bird 0.42 0.22 0.28 0.40 0.60 bird 0.47 0.39 0.43 0.46 0.59 bird 0.47 0.72 0.77 0.51 0.59 bird 0.45 0.36 0.39 0.61 0.71 bird 0.40 0.51 0.54 0.58 0.70 bird 0.36 0.24 0.32 0.66 0.80 
33,bird 0.39 0.47 0.50 0.28 0.40 bird 0.36 0.25 0.29 0.39 0.50 bird 0.50 0.31 0.34 0.37 0.49 bird 0.43 0.39 0.42 0.37 0.47 bird 0.39 0.22 0.28 0.40 0.60 bird 0.48 0.39 0.43 0.46 0.59 bird 0.33 0.70 0.75 0.49 0.56 bird 0.48 0.51 0.55 0.53 0.67 bird 0.41 0.71 0.77 0.51 0.59 bird 0.45 0.36 0.39 0.60 0.72 
34,bird 0.34 0.57 0.60 0.21 0.29 bird 0.39 0.46 0.50 0.28 0.40 bird 0.41 0.31 0.34 0.37 0.50 bird 0.38 0.39 0.42 0.37 0.48 bird 0.41 0.22 0.28 0.39 0.62 bird 0.48 0.38 0.44 0.42 0.61 bird 0.33 0.69 0.75 0.48 0.55 bird 0.43 0.51 0.55 0.53 0.67 bird 0.43 0.69 0.79 0.50 0.60 bird 0.31 0.20 0.35 0.40 0.89 bird 0.42 0.37 0.39 0.61 0.72 
35,bird 0.31 0.46 0.49 0.28 0.39 bird 0.38 0.25 0.30 0.40 0.50 bird 0.42 0.31 0.35 0.37 0.49 bird 0.37 0.38 0.42 0.37 0.47 bird 0.49 0.22 0.28 0.40 0.60 bird 0.43 0.39 0.43 0.46 0.58 bird 0.32 0.70 0.74 0.49 0.55 bird 0.41 0.71 0.77 0.51 0.59 bird 0.41 0.36 0.39 0.61 0.71 bird 0.45 0.52 0.55 0.57 0.70 
36,bird 0.40 0.46 0.49 0.28 0.39 bird 0.38 0.25 0.30 0.39 0.51 bird 0.54 0.31 0.35 0.36 0.50 bird 0.46 0.38 0.42 0.37 0.48 bird 0.58 0.22 0.28 0.40 0.59 bird 0.55 0.39 0.44 0.46 0.58 bird 0.36 0.69 0.75 0.48 0.55 bird 0.51 0.69 0.79 0.50 0.60 bird 0.46 0.36 0.39 0.59 0.72 bird 0.46 0.52 0.55 0.57 0.70 bird 0.39 0.22 0.30 0.66 0.80 
37,bird 0.31 0.58 0.61 0.21 0.29 bird 0.44 0.46 0.49 0.28 0.39 bird 0.42 0.25 0.30 0.39 0.51 bird 0.42 0.31 0.34 0.37 0.49 bird 0.41 0.39 0.42 0.37 0.48 bird 0.50 0.23 0.29 0.40 0.59 bird 0.53 0.39 0.43 0.46 0.58 bird 0.35 0.70 0.74 0.49 0.56 bird 0.57 0.70 0.79 0.50 0.60 bird 0.40 0.35 0.38 0.60 0.71 bird 0.52 0.52 0.55 0.56 0.70 bird 0.35 0.22 0.29 0.65 0.80 
38,bird 0.32 0.58 0.61 0.21 0.30 bird 0.41 0.46 0.50 0.28 0.39 bird 0.41 0.26 0.30 0.39 0.51 bird 0.41 0.31 0.34 0.37 0.50 bird 0.41 0.39 0.42 0.37 0.48 bird 0.49 0.23 0.29 0.39 0.60 bird 0.55 0.39 0.43 0.46 0.57 bird 0.55 0.70 0.79 0.50 0.60 bird 0.41 0.35 0.38 0.59 0.71 bird 0.53 0.52 0.55 0.56 0.71 bird 0.37 0.26 0.30 0.69 0.78 
39,bird 0.36 0.51 0.54 0.17 0.26 bird 0.46 0.58 0.61 0.21 0.29 bird 0.40 0.46 0.50 0.28 0.39 bird 0.45 0.25 0.30 0.39 0.51 bird 0.44 0.31 0.34 0.37 0.49 bird 0.42 0.39 0.42 0.37 0.49 bird 0.46 0.39 0.43 0.46 0.57 bird 0.63 0.69 0.79 0.50 0.61 bird 0.47 0.35 0.38 0.60 0.70 bird 0.49 0.52 0.55 0.56 0.70 bird 0.44 0.25 0.30 0.70 0.77 
40,bird 0.36 0.46 0.50 0.28 0.40 bird 0.47 0.26 0.30 0.39 0.51 bird 0.42 0.31 0.34 0.37 0.49 bird 0.45 0.39 0.42 0.38 0.48 bird 0.42 0.38 0.44 0.42 0.61 bird 0.63 0.69 0.78 0.50 0.61 bird 0.49 0.34 0.37 0.60 0.69 bird 0.50 0.52 0.55 0.56 0.70 
41,bird 0.33 0.51 0.54 0.17 0.25 bird 0.35 0.58 0.61 0.21 0.29 bird 0.41 0.46 0.50 0.28 0.39 bird 0.45 0.26 0.30 0.39 0.50 bird 0.44 0.31 0.34 0.37 0.49 bird 0.50 0.38 0.42 0.37 0.48 bird 0.31 0.24 0.28 0.43 0.56 bird 0.49 0.39 0.43 0.46 0.58 bird 0.64 0.69 0.78 0.51 0.61 bird 0.50 0.34 0.37 0.59 0.69 bird 0.51 0.51 0.55 0.56 0.70 bird 0.31 0.25 0.30 0.69 0.78 
42,bird 0.35 0.51 0.54 0.17 0.25 bird 0.38 0.58 0.61 0.20 0.29 bird 0.44 0.44 0.50 0.24 0.43 bird 0.37 0.26 0.32 0.38 0.52 bird 0.31 0.31 0.34 0.37 0.50 bird 0.43 0.39 0.42 0.37 0.48 bird 0.47 0.38 0.44 0.42 0.61 bird 0.65 0.69 0.78 0.51 0.62 bird 0.56 0.34 0.37 0.59 0.69 bird 0.49 0.52 0.55 0.57 0.71 bird 0.38 0.24 0.29 0.69 0.78 
43,bird 0.38 0.51 0.54 0.17 0.25 bird 0.40 0.58 0.61 0.20 0.29 bird 0.42 0.46 0.50 0.28 0.40 bird 0.44 0.26 0.30 0.39 0.51 bird 0.44 0.39 0.42 0.37 0.48 bird 0.40 0.23 0.29 0.39 0.61 bird 0.50 0.38 0.43 0.42 0.61 bird 0.62 0.70 0.78 0.51 0.63 bird 0.55 0.34 0.37 0.58 0.69 bird 0.53 0.52 0.55 0.57 0.71 bird 0.39 0.24 0.29 0.68 0.78 
44,bird 0.38 0.51 0.54 0.17 0.25 bird 0.36 0.47 0.50 0.29 0.40 bird 0.39 0.23 0.30 0.37 0.63 bird 0.49 0.39 0.43 0.46 0.58 bird 0.60 0.70 0.77 0.51 0.61 bird 0.53 0.34 0.37 0.59 0.68 bird 0.47 0.52 0.55 0.58 0.70 bird 0.36 0.21 0.27 0.66 0.81 bird 0.32 0.16 0.25 0.72 0.85 
45,bird 0.36 0.46 0.49 0.27 0.39 bird 0.35 0.26 0.29 0.39 0.50 bird 0.38 0.31 0.34 0.38 0.50 bird 0.38 0.39 0.42 0.37 0.48 bird 0.38 0.23 0.29 0.38 0.62 bird 0.51 0.39 0.43 0.46 0.58 bird 0.39 0.51 0.54 0.53 0.65 bird 0.60 0.70 0.76 0.52 0.62 bird 0.47 0.33 0.37 0.59 0.67 bird 0.52 0.52 0.55 0.59 0.69 bird 0.39 0.23 0.28 0.67 0.77 bird 0.34 0.16 0.24 0.72 0.86 
46,bird 0.31 0.58 0.61 0.20 0.29 bird 0.40 0.46 0.49 0.28 0.39 bird 0.39 0.25 0.29 0.39 0.50 bird 0.33 0.31 0.34 0.38 0.49 bird 0.41 0.39 0.42 0.36 0.48 bird 0.38 0.23 0.30 0.39 0.61 bird 0.50 0.39 0.43 0.46 0.58 bird 0.41 0.34 0.37 0.54 0.65 bird 0.37 0.51 0.54 0.53 0.65 bird 0.56 0.69 0.77 0.52 0.63 bird 0.54 0.52 0.55 0.58 0.70 bird 0.39 0.23 0.27 0.67 0.76 
47,bird 0.37 0.46 0.49 0.28 0.39 bird 0.35 0.39 0.42 0.36 0.48 bird 0.36 0.24 0.31 0.38 0.62 bird 0.45 0.39 0.43 0.46 0.58 bird 0.37 0.33 0.37 0.53 0.65 bird 0.36 0.51 0.54 0.53 0.65 bird 0.52 0.70 0.75 0.52 0.62 bird 0.57 0.52 0.55 0.58 0.71 bird 0.41 0.23 0.27 0.67 0.76 bird 0.34 0.16 0.24 0.73 0.87 
48,bird 0.38 0.44 0.50 0.24 0.41 bird 0.39 0.25 0.29 0.38 0.49 bird 0.39 0.31 0.34 0.38 0.49 bird 0.30 0.39 0.42 0.36 0.49 bird 0.31 0.24 0.27 0.46 0.56 bird 0.34 0.24 0.30 0.39 0.62 bird 0.47 0.39 0.43 0.45 0.58 bird 0.48 0.33 0.37 0.54 0.64 bird 0.37 0.50 0.54 0.53 0.65 bird 0.55 0.69 0.76 0.51 0.63 bird 0.55 0.51 0.55 0.57 0.70 bird 0.43 0.23 0.27 0.67 0.76 bird 0.31 0.16 0.24 0.73 0.86 
49,bird 0.38 0.46 0.49 0.27 0.40 bird 0.42 0.26 0.29 0.38 0.51 bird 0.45 0.31 0.34 0.38 0.50 bird 0.37 0.39 0.42 0.36 0.49 bird 0.31 0.24 0.30 0.38 0.62 bird 0.48 0.39 0.43 0.45 0.58 bird 0.52 0.33 0.36 0.54 0.65 bird 0.37 0.50 0.54 0.53 0.65 bird 0.50 0.68 0.76 0.51 0.63 bird 0.54 0.51 0.55 0.57 0.70 bird 0.44 0.23 0.27 0.66 0.76 bird 0.35 0.17 0.24 0.73 0.85 
50,bird 0.39 0.46 0.49 0.27 0.39 bird 0.46 0.26 0.29 0.38 0.51 bird 0.41 0.31 0.34 0.38 0.49 bird 0.45 0.39 0.43 0.44 0.57 bird 0.50 0.32 0.35 0.54 0.65 bird 0.56 0.70 0.75 0.52 0.63 bird 0.50 0.51 0.54 0.57 0.70 bird 0.46 0.23 0.27 0.66 0.76 bird 0.38 0.17 0.24 0.73 0.85 
51,bird 0.43 0.26 0.30 0.38 0.51 bird 0.36 0.31 0.35 0.38 0.50 bird 0.32 0.24 0.28 0.43 0.56 bird 0.49 0.39 0.43 0.44 0.58 bird 0.49 0.32 0.36 0.54 0.65 bird 0.62 0.68 0.76 0.51 0.64 bird 0.52 0.51 0.55 0.58 0.70 bird 0.43 0.22 0.27 0.66 0.77 bird 0.43 0.17 0.24 0.72 0.85 bird 0.31 0.65 0.80 0.80 0.99 
52,bird 0.35 0.46 0.49 0.26 0.40 bird 0.46 0.24 0.31 0.37 0.62 bird 0.45 0.39 0.43 0.44 0.58 bird 0.45 0.32 0.35 0.54 0.65 bird 0.59 0.70 0.75 0.52 0.63 bird 0.48 0.51 0.54 0.58 0.70 bird 0.42 0.22 0.26 0.66 0.76 
53,bird 0.32 0.50 0.52 0.16 0.24 bird 0.46 0.46 0.49 0.27 0.39 bird 0.49 0.26 0.30 0.37 0.51 bird 0.43 0.31 0.34 0.38 0.49 bird 0.48 0.39 0.43 0.45 0.58 bird 0.51 0.32 0.36 0.53 0.65 bird 0.60 0.70 0.75 0.52 0.63 bird 0.43 0.51 0.54 0.58 0.70 bird 0.37 0.16 0.23 0.73 0.87 
54,bird 0.45 0.46 0.49 0.27 0.40 bird 0.53 0.26 0.29 0.38 0.50 bird 0.50 0.31 0.34 0.38 0.49 bird 0.37 0.39 0.42 0.37 0.48 bird 0.32 0.24 0.28 0.45 0.55 bird 0.39 0.24 0.31 0.39 0.61 bird 0.48 0.39 0.43 0.46 0.57 bird 0.53 0.32 0.36 0.53 0.64 bird 0.55 0.68 0.75 0.52 0.65 bird 0.44 0.51 0.54 0.57 0.70 bird 0.46 0.21 0.27 0.64 0.78 
55,bird 0.34 0.45 0.51 0.18 0.38 bird 0.42 0.46 0.49 0.28 0.39 bird 0.50 0.26 0.29 0.38 0.50 bird 0.46 0.31 0.34 0.38 0.49 bird 0.37 0.39 0.42 0.37 0.48 bird 0.39 0.24 0.27 0.45 0.55 bird 0.39 0.24 0.31 0.39 0.61 bird 0.47 0.39 0.42 0.46 0.57 bird 0.48 0.32 0.36 0.52 0.65 bird 0.63 0.68 0.75 0.52 0.65 bird 0.48 0.51 0.54 0.58 0.71 bird 0.51 0.21 0.26 0.64 0.78 
56,bird 0.32 0.50 0.53 0.16 0.25 bird 0.47 0.46 0.49 0.28 0.39 bird 0.47 0.26 0.29 0.38 0.49 bird 0.36 0.31 0.34 0.39 0.48 bird 0.37 0.39 0.42 0.38 0.48 bird 0.37 0.24 0.27 0.44 0.55 bird 0.32 0.24 0.30 0.40 0.60 bird 0.46 0.39 0.42 0.46 0.57 bird 0.50 0.33 0.35 0.51 0.63 bird 0.61 0.68 0.75 0.53 0.65 bird 0.49 0.51 0.54 0.58 0.71 bird 0.46 0.22 0.26 0.66 0.76 bird 0.30 0.17 0.22 0.75 0.84 
57,bird 0.35 0.49 0.53 0.16 0.25 bird 0.31 0.44 0.47 0.23 0.32 bird 0.52 0.46 0.49 0.28 0.39 bird 0.46 0.26 0.29 0.38 0.49 bird 0.42 0.31 0.34 0.39 0.49 bird 0.40 0.39 0.42 0.38 0.48 bird 0.42 0.24 0.29 0.39 0.61 bird 0.46 0.39 0.42 0.45 0.56 bird 0.53 0.33 0.36 0.52 0.64 bird 0.58 0.68 0.76 0.53 0.66 bird 0.48 0.50 0.54 0.58 0.71 bird 0.41 0.22 0.26 0.66 0.76 
58,bird 0.32 0.49 0.52 0.16 0.24 bird 0.33 0.44 0.47 0.23 0.31 bird 0.30 0.58 0.61 0.19 0.29 bird 0.47 0.46 0.49 0.28 0.40 bird 0.46 0.26 0.29 0.38 0.50 bird 0.47 0.31 0.34 0.39 0.49 bird 0.45 0.39 0.42 0.38 0.49 bird 0.36 0.24 0.28 0.44 0.55 bird 0.45 0.24 0.30 0.39 0.60 bird 0.46 0.39 0.42 0.45 0.56 bird 0.51 0.32 0.35 0.52 0.63 bird 0.65 0.67 0.75 0.53 0.65 bird 0.50 0.51 0.54 0.58 0.71 bird 0.43 0.22 0.26 0.66 0.76 bird 0.31 0.17 0.22 0.76 0.84 
59,bird 0.31 0.45 0.47 0.23 0.31 bird 0.38 0.46 0.49 0.29 0.39 bird 0.45 0.26 0.29 0.38 0.50 bird 0.43 0.31 0.34 0.39 0.49 bird 0.41 0.39 0.41 0.38 0.49 bird 0.37 0.24 0.27 0.44 0.55 bird 0.45 0.39 0.42 0.45 0.56 bird 0.49 0.32 0.35 0.51 0.62 bird 0.62 0.67 0.75 0.53 0.65 bird 0.49 0.51 0.54 0.58 0.71 bird 0.37 0.22 0.26 0.67 0.76 
60,bird 0.41 0.46 0.49 0.28 0.39 bird 0.48 0.26 0.29 0.38 0.50 bird 0.46 0.31 0.34 0.39 0.49 bird 0.47 0.39 0.42 0.38 0.50 bird 0.41 0.24 0.30 0.38 0.60 bird 0.49 0.39 0.42 0.45 0.57 bird 0.48 0.32 0.35 0.51 0.62 bird 0.62 0.67 0.74 0.53 0.65 bird 0.47 0.50 0.54 0.58 0.72 bird 0.41 0.22 0.26 0.67 0.76 bird 0.34 0.17 0.22 0.76 0.85 
61,bird 0.43 0.49 0.52 0.16 0.24 bird 0.33 0.45 0.47 0.22 0.32 bird 0.39 0.46 0.48 0.28 0.39 bird 0.40 0.26 0.29 0.38 0.49 bird 0.41 0.31 0.34 0.38 0.48 bird 0.47 0.39 0.42 0.37 0.49 bird 0.36 0.25 0.31 0.38 0.60 bird 0.33 0.31 0.36 0.37 0.63 bird 0.46 0.39 0.42 0.45 0.56 bird 0.39 0.32 0.35 0.51 0.62 bird 0.61 0.67 0.75 0.53 0.66 bird 0.47 0.50 0.53 0.58 0.71 bird 0.42 0.18 0.25 0.64 0.82 bird 0.34 0.22 0.26 0.67 0.76 bird 0.40 0.17 0.22 0.76 0.84 
62,bird 0.38 0.48 0.52 0.15 0.24 bird 0.44 0.46 0.49 0.29 0.40 bird 0.42 0.26 0.29 0.37 0.48 bird 0.41 0.31 0.34 0.38 0.48 bird 0.47 0.39 0.42 0.37 0.49 bird 0.37 0.25 0.30 0.39 0.60 bird 0.47 0.39 0.42 0.45 0.56 bird 0.48 0.32 0.35 0.50 0.63 bird 0.64 0.68 0.75 0.53 0.66 bird 0.50 0.50 0.53 0.58 0.72 bird 0.42 0.18 0.25 0.64 0.83 bird 0.30 0.17 0.22 0.76 0.84 
63,bird 0.40 0.48 0.51 0.16 0.24 bird 0.42 0.46 0.49 0.28 0.39 bird 0.42 0.26 0.29 0.37 0.48 bird 0.42 0.32 0.34 0.38 0.49 bird 0.49 0.39 0.42 0.37 0.49 bird 0.36 0.25 0.28 0.44 0.54 bird 0.46 0.39 0.42 0.45 0.56 bird 0.41 0.32 0.35 0.50 0.63 bird 0.64 0.67 0.74 0.53 0.66 bird 0.51 0.50 0.54 0.57 0.72 bird 0.40 0.18 0.25 0.64 0.84 
64,bird 0.34 0.48 0.51 0.16 0.24 bird 0.36 0.46 0.49 0.29 0.39 bird 0.38 0.26 0.29 0.37 0.48 bird 0.36 0.31 0.34 0.38 0.48 bird 0.45 0.39 0.42 0.38 0.48 bird 0.36 0.24 0.30 0.39 0.60 bird 0.34 0.31 0.36 0.39 0.62 bird 0.42 0.39 0.42 0.45 0.56 bird 0.38 0.32 0.35 0.51 0.62 bird 0.60 0.67 0.74 0.53 0.66 bird 0.51 0.50 0.53 0.57 0.72 bird 0.35 0.18 0.24 0.63 0.83 
65,bird 0.36 0.48 0.51 0.16 0.23 bird 0.37 0.46 0.48 0.28 0.40 bird 0.42 0.26 0.29 0.37 0.48 bird 0.40 0.32 0.34 0.38 0.48 bird 0.40 0.39 0.42 0.38 0.48 bird 0.38 0.24 0.28 0.43 0.55 bird 0.44 0.39 0.42 0.45 0.56 bird 0.39 0.32 0.34 0.52 0.61 bird 0.61 0.67 0.74 0.53 0.67 bird 0.49 0.50 0.53 0.58 0.71 bird 0.39 0.20 0.24 0.68 0.77 bird 0.33 0.17 0.24 0.64 0.83 bird 0.35 0.14 0.22 0.72 0.88 
66,bird 0.39 0.46 0.48 0.29 0.38 bird 0.44 0.26 0.29 0.37 0.47 bird 0.37 0.32 0.34 0.38 0.47 bird 0.46 0.39 0.42 0.38 0.48 bird 0.40 0.24 0.28 0.44 0.54 bird 0.43 0.38 0.41 0.46 0.55 bird 0.35 0.32 0.34 0.52 0.60 bird 0.62 0.67 0.74 0.53 0.67 bird 0.45 0.50 0.53 0.59 0.71 bird 0.36 0.20 0.24 0.67 0.77 
67,bird 0.31 0.48 0.51 0.16 0.23 bird 0.38 0.46 0.48 0.30 0.38 bird 0.46 0.26 0.29 0.37 0.47 bird 0.33 0.31 0.35 0.38 0.47 bird 0.46 0.39 0.42 0.38 0.48 bird 0.40 0.24 0.31 0.39 0.59 bird 0.45 0.38 0.42 0.46 0.55 bird 0.37 0.38 0.41 0.51 0.60 bird 0.63 0.67 0.74 0.53 0.67 bird 0.45 0.50 0.53 0.59 0.71 bird 0.42 0.17 0.24 0.63 0.84 bird 0.36 0.14 0.22 0.71 0.89 
68,bird 0.36 0.46 0.48 0.30 0.38 bird 0.44 0.26 0.29 0.37 0.47 bird 0.31 0.32 0.34 0.38 0.47 bird 0.46 0.39 0.42 0.38 0.48 bird 0.34 0.23 0.31 0.39 0.59 bird 0.39 0.38 0.41 0.45 0.55 bird 0.38 0.38 0.41 0.52 0.59 bird 0.58 0.67 0.74 0.53 0.66 bird 0.42 0.50 0.53 0.59 0.71 bird 0.32 0.20 0.24 0.67 0.77 bird 0.36 0.17 0.24 0.64 0.85 
69,bird 0.49 0.45 0.48 0.28 0.39 bird 0.45 0.26 0.29 0.37 0.47 bird 0.38 0.31 0.35 0.38 0.47 bird 0.49 0.39 0.42 0.38 0.48 bird 0.40 0.24 0.28 0.44 0.54 bird 0.39 0.38 0.42 0.45 0.55 bird 0.39 0.39 0.41 0.52 0.60 bird 0.62 0.67 0.74 0.54 0.66 bird 0.47 0.50 0.53 0.59 0.70 bird 0.48 0.17 0.23 0.64 0.85 bird 0.42 0.13 0.21 0.72 0.88 
70,bird 0.32 0.48 0.50 0.16 0.23 bird 0.32 0.44 0.47 0.22 0.33 bird 0.48 0.46 0.48 0.28 0.39 bird 0.43 0.26 0.29 0.37 0.48 bird 0.37 0.31 0.35 0.38 0.47 bird 0.50 0.39 0.42 0.38 0.48 bird 0.43 0.23 0.30 0.40 0.58 bird 0.40 0.39 0.42 0.45 0.56 bird 0.33 0.39 0.41 0.51 0.60 bird 0.62 0.67 0.74 0.54 0.67 bird 0.49 0.50 0.53 0.59 0.70 bird 0.43 0.17 0.23 0.64 0.84 bird 0.31 0.13 0.21 0.71 0.89 
71,bird 0.48 0.45 0.48 0.28 0.40 bird 0.43 0.26 0.29 0.37 0.47 bird 0.45 0.32 0.34 0.38 0.48 bird 0.50 0.39 0.42 0.37 0.48 bird 0.44 0.24 0.28 0.44 0.54 bird 0.43 0.38 0.42 0.45 0.56 bird 0.30 0.31 0.34 0.51 0.61 bird 0.48 0.67 0.73 0.54 0.67 bird 0.47 0.50 0.53 0.59 0.71 bird 0.36 0.17 0.23 0.64 0.84 
72,bird 0.34 0.26 0.28 0.34 0.41 bird 0.48 0.46 0.48 0.29 0.38 bird 0.41 0.26 0.29 0.37 0.47 bird 0.39 0.32 0.34 0.38 0.47 bird 0.50 0.39 0.42 0.38 0.47 bird 0.38 0.24 0.28 0.44 0.53 bird 0.40 0.38 0.41 0.44 0.56 bird 0.56 0.67 0.74 0.54 0.67 bird 0.53 0.50 0.54 0.59 0.71 bird 0.32 0.19 0.23 0.69 0.77 
73,bird 0.39 0.44 0.46 0.23 0.31 bird 0.44 0.26 0.28 0.34 0.41 bird 0.50 0.46 0.48 0.30 0.38 bird 0.40 0.26 0.29 0.38 0.46 bird 0.42 0.32 0.34 0.38 0.46 bird 0.48 0.39 0.42 0.38 0.47 bird 0.41 0.24 0.28 0.43 0.53 bird 0.42 0.38 0.42 0.45 0.55 bird 0.35 0.31 0.34 0.52 0.61 bird 0.47 0.67 0.74 0.54 0.67 bird 0.50 0.50 0.54 0.59 0.71 bird 0.36 0.18 0.22 0.68 0.78 bird 0.38 0.14 0.19 0.77 0.86 
74,bird 0.37 0.47 0.50 0.15 0.23 bird 0.37 0.59 0.62 0.18 0.27 bird 0.42 0.44 0.47 0.22 0.32 bird 0.32 0.46 0.49 0.22 0.32 bird 0.40 0.26 0.29 0.34 0.41 bird 0.51 0.45 0.48 0.30 0.39 bird 0.33 0.25 0.28 0.38 0.47 bird 0.39 0.31 0.34 0.38 0.46 bird 0.42 0.39 0.42 0.38 0.46 bird 0.41 0.23 0.27 0.43 0.53 bird 0.38 0.39 0.42 0.45 0.56 bird 0.33 0.31 0.34 0.51 0.61 bird 0.53 0.50 0.53 0.58 0.71 bird 0.52 0.68 0.74 0.55 0.72 bird 0.41 0.18 0.23 0.67 0.78 
75,bird 0.39 0.44 0.47 0.22 0.32 bird 0.37 0.26 0.29 0.34 0.41 bird 0.54 0.45 0.48 0.30 0.38 bird 0.34 0.25 0.28 0.37 0.47 bird 0.39 0.31 0.34 0.37 0.46 bird 0.42 0.39 0.42 0.39 0.46 bird 0.32 0.24 0.27 0.43 0.53 bird 0.36 0.39 0.42 0.45 0.55 bird 0.53 0.50 0.53 0.58 0.71 bird 0.52 0.67 0.74 0.56 0.72 bird 0.47 0.18 0.23 0.68 0.77 
76,bird 0.35 0.44 0.47 0.22 0.31 bird 0.30 0.26 0.28 0.34 0.42 bird 0.48 0.46 0.48 0.30 0.38 bird 0.38 0.32 0.34 0.38 0.47 bird 0.39 0.39 0.42 0.39 0.47 bird 0.38 0.23 0.27 0.43 0.53 bird 0.34 0.39 0.42 0.45 0.54 bird 0.53 0.50 0.53 0.59 0.71 bird 0.48 0.67 0.73 0.56 0.72 bird 0.44 0.18 0.23 0.67 0.77 
77,bird 0.30 0.44 0.46 0.22 0.31 bird 0.39 0.26 0.29 0.33 0.42 bird 0.45 0.46 0.48 0.29 0.38 bird 0.35 0.25 0.28 0.38 0.47 bird 0.43 0.32 0.34 0.38 0.47 bird 0.41 0.39 0.42 0.39 0.48 bird 0.43 0.23 0.27 0.43 0.53 bird 0.39 0.38 0.42 0.44 0.55 bird 0.51 0.50 0.53 0.59 0.72 bird 0.58 0.67 0.73 0.56 0.73 bird 0.46 0.17 0.23 0.66 0.81 
78,bird 0.34 0.44 0.46 0.22 0.31 bird 0.49 0.25 0.28 0.33 0.42 bird 0.40 0.46 0.48 0.29 0.38 bird 0.46 0.32 0.34 0.38 0.47 bird 0.42 0.39 0.42 0.39 0.48 bird 0.37 0.24 0.28 0.43 0.53 bird 0.40 0.38 0.42 0.44 0.55 bird 0.52 0.48 0.54 0.56 0.75 bird 0.59 0.67 0.73 0.56 0.74 bird 0.47 0.17 0.22 0.67 0.78 bird 0.35 0.62 0.67 0.91 1.00 
79,bird 0.32 0.44 0.46 0.22 0.31 bird 0.46 0.26 0.29 0.33 0.42 bird 0.36 0.46 0.48 0.29 0.38 bird 0.43 0.31 0.35 0.38 0.47 bird 0.47 0.39 0.42 0.38 0.48 bird 0.42 0.23 0.30 0.41 0.57 bird 0.53 0.37 0.42 0.40 0.61 bird 0.58 0.48 0.54 0.56 0.75 bird 0.59 0.67 0.74 0.57 0.74 bird 0.53 0.16 0.23 0.66 0.81 
80,bird 0.31 0.44 0.47 0.22 0.32 bird 0.59 0.25 0.28 0.33 0.41 bird 0.37 0.46 0.48 0.29 0.38 bird 0.34 0.26 0.29 0.37 0.48 bird 0.37 0.31 0.34 0.37 0.48 bird 0.45 0.39 0.42 0.38 0.49 bird 0.36 0.23 0.31 0.40 0.58 bird 0.46 0.38 0.42 0.43 0.56 bird 0.61 0.48 0.54 0.56 0.74 bird 0.61 0.67 0.74 0.56 0.75 bird 0.49 0.16 0.23 0.66 0.82 bird 0.32 0.10 0.18 0.75 0.90 
81,bird 0.50 0.25 0.29 0.33 0.42 bird 0.32 0.23 0.32 0.39 0.59 bird 0.43 0.38 0.42 0.43 0.57 bird 0.52 0.50 0.53 0.59 0.73 bird 0.66 0.68 0.73 0.57 0.75 bird 0.47 0.15 0.23 0.66 0.82 bird 0.32 0.10 0.18 0.75 0.90 
82,bird 0.54 0.25 0.28 0.34 0.41 bird 0.40 0.32 0.35 0.37 0.47 bird 0.46 0.39 0.42 0.38 0.49 bird 0.33 0.23 0.31 0.39 0.58 bird 0.45 0.38 0.42 0.43 0.57 bird 0.54 0.50 0.53 0.58 0.73 bird 0.67 0.67 0.73 0.57 0.74 bird 0.48 0.15 0.22 0.66 0.82 bird 0.34 0.10 0.17 0.78 0.88 
83,bird 0.42 0.25 0.28 0.34 0.41 bird 0.30 0.32 0.35 0.37 0.47 bird 0.46 0.38 0.42 0.43 0.57 bird 0.57 0.50 0.53 0.59 0.73 bird 0.66 0.67 0.73 0.58 0.74 bird 0.38 0.15 0.22 0.66 0.83 bird 0.42 0.10 0.17 0.79 0.88 
84,bird 0.40 0.25 0.28 0.34 0.41 bird 0.33 0.32 0.34 0.37 0.47 bird 0.32 0.39 0.42 0.39 0.49 bird 0.31 0.23 0.31 0.39 0.59 bird 0.42 0.38 0.42 0.44 0.56 bird 0.55 0.49 0.53 0.59 0.72 bird 0.62 0.67 0.73 0.58 0.74 bird 0.38 0.15 0.22 0.66 0.83 
85,bird 0.41 0.59 0.62 0.18 0.25 bird 0.32 0.44 0.47 0.22 0.32 bird 0.50 0.25 0.28 0.33 0.42 bird 0.32 0.21 0.24 0.40 0.48 bird 0.41 0.32 0.35 0.37 0.46 bird 0.34 0.23 0.31 0.38 0.58 bird 0.40 0.37 0.42 0.40 0.61 bird 0.55 0.49 0.53 0.59 0.73 bird 0.56 0.67 0.73 0.58 0.74 bird 0.46 0.15 0.22 0.66 0.82 bird 0.31 0.09 0.16 0.79 0.89 
86,bird 0.46 0.59 0.62 0.18 0.26 bird 0.35 0.44 0.47 0.21 0.32 bird 0.52 0.25 0.28 0.34 0.41 bird 0.34 0.21 0.24 0.40 0.48 bird 0.35 0.38 0.42 0.44 0.56 bird 0.53 0.49 0.53 0.59 0.73 bird 0.61 0.67 0.73 0.58 0.74 bird 0.50 0.14 0.21 0.66 0.82 
87,bird 0.42 0.59 0.62 0.17 0.26 bird 0.35 0.44 0.47 0.22 0.31 bird 0.59 0.25 0.28 0.33 0.41 bird 0.54 0.49 0.53 0.58 0.74 bird 0.62 0.67 0.73 0.59 0.76 bird 0.57 0.14 0.20 0.67 0.82 
88,bird 0.37 0.59 0.62 0.18 0.26 bird 0.56 0.25 0.29 0.33 0.41 bird 0.39 0.38 0.42 0.43 0.56 bird 0.40 0.37 0.39 0.51 0.62 bird 0.53 0.49 0.53 0.59 0.74 bird 0.57 0.67 0.73 0.59 0.75 bird 0.55 0.13 0.20 0.67 0.82 
89,bird 0.39 0.59 0.62 0.18 0.26 bird 0.48 0.25 0.29 0.32 0.42 bird 0.33 0.37 0.39 0.51 0.63 bird 0.49 0.49 0.52 0.59 0.75 bird 0.60 0.67 0.73 0.60 0.75 bird 0.57 0.13 0.19 0.67 0.81 
90,bird 0.39 0.59 0.62 0.18 0.26 bird 0.32 0.44 0.47 0.21 0.32 bird 0.53 0.25 0.29 0.33 0.42 bird 0.33 0.24 0.31 0.33 0.54 bird 0.37 0.37 0.39 0.50 0.63 bird 0.47 0.49 0.52 0.59 0.75 bird 0.47 0.68 0.72 0.62 0.73 bird 0.48 0.14 0.19 0.69 0.79 bird 0.30 0.07 0.16 0.74 0.91 
91,bird 0.40 0.59 0.62 0.17 0.26 bird 0.49 0.25 0.28 0.33 0.41 bird 0.36 0.22 0.31 0.38 0.60 bird 0.41 0.48 0.52 0.60 0.74 bird 0.44 0.68 0.72 0.62 0.73 bird 0.49 0.14 0.19 0.69 0.80 bird 0.31 0.07 0.16 0.73 0.91 
92,bird 0.45 0.59 0.62 0.18 0.26 bird 0.32 0.44 0.46 0.22 0.31 bird 0.54 0.25 0.29 0.33 0.41 bird 0.33 0.46 0.48 0.29 0.37 bird 0.31 0.20 0.25 0.39 0.49 bird 0.33 0.32 0.35 0.37 0.46 bird 0.31 0.22 0.31 0.40 0.59 bird 0.45 0.37 0.39 0.51 0.63 bird 0.42 0.48 0.52 0.60 0.74 bird 0.50 0.68 0.72 0.62 0.73 bird 0.52 0.14 0.19 0.69 0.80 
93,bird 0.39 0.59 0.62 0.18 0.26 bird 0.49 0.25 0.28 0.33 0.41 bird 0.34 0.46 0.48 0.29 0.37 bird 0.39 0.20 0.25 0.40 0.48 bird 0.41 0.32 0.35 0.37 0.47 bird 0.37 0.37 0.39 0.52 0.62 bird 0.42 0.48 0.52 0.60 0.74 bird 0.52 0.14 0.18 0.70 0.80 bird 0.47 0.68 0.72 0.66 0.77 bird 0.32 0.05 0.13 0.79 0.96 
94,bird 0.39 0.59 0.62 0.18 0.26 bird 0.59 0.25 0.28 0.33 0.42 bird 0.51 0.20 0.24 0.40 0.48 bird 0.44 0.32 0.35 0.37 0.47 bird 0.43 0.22 0.30 0.39 0.60 bird 0.33 0.38 0.42 0.45 0.56 bird 0.33 0.37 0.39 0.52 0.62 bird 0.44 0.48 0.52 0.60 0.74 bird 0.50 0.14 0.18 0.70 0.80 bird 0.48 0.68 0.72 0.66 0.77 bird 0.35 0.05 0.13 0.80 0.96 
95,bird 0.47 0.59 0.62 0.18 0.27 bird 0.67 0.25 0.28 0.32 0.42 bird 0.43 0.45 0.48 0.28 0.39 bird 0.51 0.20 0.24 0.40 0.49 bird 0.51 0.32 0.35 0.36 0.47 bird 0.37 0.22 0.29 0.39 0.60 bird 0.41 0.37 0.43 0.40 0.63 bird 0.31 0.37 0.39 0.51 0.62 bird 0.30 0.67 0.70 0.61 0.71 bird 0.42 0.14 0.18 0.70 0.81 bird 0.42 0.49 0.52 0.65 0.76 bird 0.48 0.68 0.72 0.66 0.77 
96,bird 0.52 0.59 0.62 0.18 0.27 bird 0.31 0.44 0.46 0.21 0.32 bird 0.61 0.25 0.28 0.33 0.41 bird 0.37 0.46 0.48 0.28 0.38 bird 0.41 0.20 0.24 0.40 0.48 bird 0.48 0.32 0.35 0.36 0.48 bird 0.30 0.27 0.30 0.45 0.55 bird 0.31 0.13 0.19 0.70 0.81 bird 0.52 0.49 0.52 0.64 0.76 bird 0.44 0.68 0.72 0.66 0.77 
97,bird 0.48 0.59 0.62 0.20 0.28 bird 0.60 0.25 0.28 0.32 0.42 bird 0.40 0.46 0.48 0.29 0.38 bird 0.37 0.20 0.24 0.40 0.49 bird 0.49 0.32 0.35 0.36 0.47 bird 0.39 0.38 0.41 0.40 0.49 bird 0.34 0.26 0.30 0.45 0.56 bird 0.39 0.38 0.41 0.44 0.56 bird 0.32 0.37 0.39 0.52 0.61 bird 0.44 0.49 0.52 0.65 0.76 bird 0.44 0.68 0.72 0.66 0.77 
98,bird 0.47 0.59 0.62 0.20 0.29 bird 0.56 0.25 0.28 0.33 0.41 bird 0.41 0.46 0.48 0.28 0.38 bird 0.47 0.20 0.24 0.40 0.48 bird 0.47 0.32 0.35 0.36 0.47 bird 0.34 0.38 0.41 0.40 0.49 bird 0.39 0.26 0.30 0.45 0.56 bird 0.30 0.23 0.29 0.40 0.60 bird 0.36 0.38 0.41 0.44 0.55 bird 0.42 0.36 0.39 0.52 0.61 bird 0.31 0.67 0.70 0.62 0.72 bird 0.41 0.49 0.52 0.65 0.77 bird 0.43 0.68 0.72 0.66 0.78 
99,bird 0.45 0.59 0.62 0.20 0.28 bird 0.57 0.25 0.28 0.33 0.41 bird 0.32 0.46 0.48 0.28 0.38 bird 0.42 0.20 0.24 0.40 0.48 bird 0.39 0.32 0.35 0.37 0.46 bird 0.41 0.39 0.41 0.40 0.49 bird 0.30 0.38 0.41 0.45 0.55 bird 0.51 0.37 0.39 0.52 0.61 bird 0.36 0.67 0.70 0.63 0.72 bird 0.45 0.49 0.52 0.65 0.76 bird 0.48 0.68 0.72 0.66 0.77 
100,bird 0.38 0.59 0.62 0.20 0.28 bird 0.63 0.25 0.28 0.33 0.41 bird 0.39 0.46 0.48 0.29 0.37 bird 0.62 0.20 0.24 0.40 0.48 bird 0.38 0.25 0.29 0.37 0.46 bird 0.43 0.32 0.35 0.37 0.46 bird 0.51 0.38 0.41 0.40 0.48 bird 0.35 0.26 0.30 0.46 0.55 bird 0.31 0.22 0.29 0.40 0.59 bird 0.45 0.38 0.41 0.44 0.56 bird 0.48 0.37 0.39 0.51 0.62 bird 0.48 0.49 0.52 0.65 0.77 bird 0.49 0.68 0.71 0.67 0.78 
101,bird 0.35 0.59 0.62 0.20 0.28 bird 0.63 0.25 0.28 0.33 0.42 bird 0.40 0.33 0.35 0.34 0.41 bird 0.64 0.20 0.24 0.40 0.49 bird 0.43 0.32 0.35 0.37 0.46 bird 0.52 0.38 0.41 0.40 0.49 bird 0.41 0.26 0.30 0.46 0.56 bird 0.42 0.38 0.42 0.44 0.56 bird 0.47 0.36 0.39 0.52 0.61 bird 0.50 0.49 0.52 0.64 0.78 bird 0.47 0.68 0.71 0.67 0.79 
102,bird 0.65 0.25 0.28 0.33 0.41 bird 0.42 0.33 0.35 0.34 0.41 bird 0.62 0.20 0.24 0.40 0.49 bird 0.46 0.32 0.35 0.37 0.47 bird 0.48 0.38 0.41 0.40 0.49 bird 0.33 0.25 0.30 0.46 0.55 bird 0.47 0.38 0.41 0.43 0.56 bird 0.44 0.36 0.39 0.52 0.61 bird 0.49 0.49 0.52 0.65 0.78 bird 0.48 0.68 0.71 0.67 0.79 
103,bird 0.30 0.44 0.47 0.20 0.33 bird 0.44 0.59 0.62 0.20 0.28 bird 0.62 0.25 0.28 0.33 0.42 bird 0.39 0.33 0.35 0.34 0.41 bird 0.57 0.20 0.24 0.40 0.49 bird 0.45 0.33 0.36 0.37 0.46 bird 0.31 0.39 0.42 0.40 0.48 bird 0.37 0.26 0.29 0.47 0.55 bird 0.41 0.38 0.41 0.45 0.55 bird 0.48 0.36 0.39 0.53 0.62 bird 0.50 0.49 0.52 0.65 0.78 bird 0.50 0.68 0.71 0.67 0.79 bird 0.36 0.10 0.17 0.70 0.89 
104,bird 0.57 0.59 0.62 0.20 0.29 bird 0.66 0.25 0.28 0.33 0.41 bird 0.44 0.33 0.35 0.34 0.41 bird 0.32 0.46 0.48 0.28 0.37 bird 0.58 0.19 0.24 0.40 0.49 bird 0.38 0.25 0.28 0.37 0.46 bird 0.46 0.33 0.36 0.37 0.47 bird 0.47 0.39 0.42 0.40 0.48 bird 0.46 0.26 0.29 0.47 0.56 bird 0.48 0.38 0.41 0.45 0.56 bird 0.50 0.36 0.39 0.53 0.62 bird 0.33 0.66 0.70 0.63 0.73 bird 0.50 0.49 0.53 0.65 0.78 bird 0.51 0.68 0.71 0.67 0.79 bird 0.40 0.10 0.18 0.71 0.89 
105,bird 0.47 0.59 0.62 0.20 0.29 bird 0.53 0.25 0.28 0.33 0.41 bird 0.32 0.33 0.35 0.34 0.40 bird 0.33 0.19 0.23 0.39 0.47 bird 0.34 0.33 0.36 0.37 0.46 bird 0.39 0.38 0.41 0.46 0.57 bird 0.45 0.36 0.39 0.53 0.62 bird 0.49 0.49 0.53 0.65 0.79 bird 0.46 0.68 0.71 0.67 0.80 
106,bird 0.45 0.59 0.62 0.21 0.29 bird 0.49 0.25 0.29 0.33 0.41 bird 0.39 0.19 0.23 0.40 0.47 bird 0.32 0.33 0.36 0.38 0.46 bird 0.36 0.38 0.42 0.46 0.57 bird 0.44 0.36 0.39 0.53 0.62 bird 0.46 0.49 0.52 0.64 0.80 bird 0.47 0.67 0.70 0.66 0.81 
107,bird 0.31 0.44 0.47 0.20 0.32 bird 0.53 0.59 0.62 0.21 0.29 bird 0.47 0.25 0.28 0.33 0.41 bird 0.39 0.33 0.36 0.35 0.40 bird 0.41 0.19 0.23 0.40 0.48 bird 0.39 0.39 0.42 0.46 0.56 bird 0.49 0.36 0.39 0.53 0.63 bird 0.48 0.49 0.52 0.64 0.80 bird 0.51 0.67 0.71 0.66 0.82 bird 0.33 0.09 0.17 0.72 0.89 
108,bird 0.32 0.44 0.46 0.16 0.26 bird 0.46 0.59 0.62 0.21 0.28 bird 0.46 0.26 0.28 0.33 0.40 bird 0.34 0.33 0.36 0.35 0.40 bird 0.36 0.19 0.22 0.40 0.47 bird 0.32 0.33 0.36 0.38 0.45 bird 0.32 0.39 0.42 0.46 0.56 bird 0.47 0.35 0.38 0.52 0.63 bird 0.49 0.49 0.52 0.65 0.80 bird 0.49 0.68 0.71 0.68 0.80 bird 0.42 0.09 0.16 0.72 0.90 
109,bird 0.33 0.44 0.47 0.15 0.26 bird 0.43 0.59 0.62 0.21 0.28 bird 0.52 0.26 0.28 0.33 0.40 bird 0.44 0.19 0.23 0.40 0.47 bird 0.40 0.33 0.36 0.38 0.45 bird 0.31 0.39 0.42 0.46 0.56 bird 0.53 0.36 0.39 0.53 0.64 bird 0.48 0.49 0.52 0.65 0.80 bird 0.50 0.68 0.71 0.68 0.80 bird 0.58 0.09 0.17 0.72 0.89 
110,bird 0.36 0.44 0.47 0.15 0.26 bird 0.41 0.59 0.62 0.22 0.29 bird 0.57 0.25 0.28 0.32 0.40 bird 0.44 0.19 0.23 0.40 0.47 bird 0.30 0.25 0.28 0.36 0.46 bird 0.45 0.33 0.36 0.37 0.46 bird 0.46 0.36 0.39 0.53 0.63 bird 0.47 0.49 0.52 0.66 0.80 bird 0.48 0.68 0.71 0.68 0.80 bird 0.37 0.09 0.16 0.72 0.90 
111,bird 0.31 0.45 0.47 0.19 0.32 bird 0.45 0.59 0.62 0.21 0.29 bird 0.51 0.25 0.28 0.32 0.40 bird 0.41 0.33 0.36 0.37 0.46 bird 0.51 0.36 0.39 0.54 0.64 bird 0.45 0.49 0.52 0.65 0.80 bird 0.48 0.68 0.72 0.68 0.80 
112,bird 0.32 0.45 0.47 0.20 0.31 bird 0.45 0.59 0.62 0.22 0.29 bird 0.57 0.25 0.28 0.32 0.40 bird 0.31 0.19 0.22 0.40 0.48 bird 0.37 0.33 0.36 0.37 0.46 bird 0.55 0.36 0.39 0.54 0.64 bird 0.42 0.49 0.52 0.66 0.81 bird 0.44 0.67 0.72 0.68 0.81 
113,bird 0.40 0.59 0.62 0.23 0.28 bird 0.54 0.25 0.28 0.33 0.40 bird 0.41 0.33 0.36 0.37 0.46 bird 0.52 0.36 0.39 0.54 0.64 bird 0.45 0.49 0.52 0.66 0.81 bird 0.40 0.66 0.71 0.67 0.82 
114,bird 0.40 0.60 0.62 0.22 0.29 bird 0.51 0.25 0.28 0.33 0.40 bird 0.34 0.18 0.22 0.40 0.47 bird 0.45 0.33 0.36 0.37 0.46 bird 0.52 0.36 0.39 0.54 0.64 bird 0.48 0.49 0.53 0.66 0.81 bird 0.36 0.67 0.71 0.67 0.82 bird 0.41 0.07 0.15 0.73 0.92 
115,bird 0.44 0.60 0.62 0.22 0.29 bird 0.38 0.25 0.28 0.33 0.39 bird 0.54 0.36 0.39 0.53 0.65 bird 0.42 0.49 0.52 0.67 0.81 bird 0.35 0.67 0.70 0.68 0.81 bird 0.38 0.07 0.14 0.72 0.92 
116,bird 0.51 0.60 0.62 0.22 0.29 bird 0.47 0.25 0.28 0.32 0.40 bird 0.32 0.46 0.49 0.29 0.38 bird 0.31 0.33 0.36 0.38 0.46 bird 0.49 0.36 0.39 0.54 0.65 bird 0.41 0.48 0.52 0.67 0.83 bird 0.38 0.66 0.70 0.68 0.82 
117,bird 0.39 0.59 0.62 0.23 0.29 bird 0.48 0.25 0.28 0.32 0.40 bird 0.31 0.46 0.48 0.29 0.39 bird 0.52 0.36 0.39 0.54 0.65 bird 0.47 0.47 0.52 0.66 0.83 bird 0.35 0.07 0.14 0.72 0.92 bird 0.32 0.68 0.72 0.72 0.84 
118,bird 0.33 0.59 0.62 0.23 0.30 bird 0.56 0.25 0.28 0.32 0.40 bird 0.39 0.46 0.48 0.30 0.38 bird 0.37 0.19 0.22 0.40 0.48 bird 0.33 0.24 0.28 0.47 0.55 bird 0.52 0.36 0.39 0.54 0.64 bird 0.33 0.48 0.51 0.67 0.82 bird 0.35 0.67 0.70 0.74 0.85 
119,bird 0.51 0.59 0.62 0.22 0.31 bird 0.59 0.25 0.28 0.33 0.40 bird 0.36 0.46 0.49 0.29 0.39 bird 0.43 0.18 0.22 0.40 0.48 bird 0.40 0.33 0.36 0.38 0.46 bird 0.37 0.24 0.28 0.47 0.56 bird 0.36 0.38 0.41 0.46 0.55 bird 0.50 0.36 0.39 0.53 0.64 bird 0.45 0.47 0.52 0.66 0.84 bird 0.44 0.68 0.71 0.72 0.85 
120,bird 0.47 0.60 0.62 0.22 0.31 bird 0.60 0.25 0.28 0.33 0.41 bird 0.33 0.46 0.49 0.29 0.39 bird 0.44 0.18 0.21 0.40 0.48 bird 0.38 0.33 0.36 0.39 0.46 bird 0.31 0.24 0.28 0.47 0.55 bird 0.31 0.39 0.42 0.46 0.55 bird 0.50 0.36 0.39 0.54 0.65 bird 0.42 0.47 0.52 0.66 0.84 bird 0.34 0.68 0.71 0.73 0.86 
121,bird 0.39 0.60 0.62 0.23 0.30 bird 0.54 0.25 0.28 0.34 0.41 bird 0.40 0.18 0.21 0.40 0.47 bird 0.34 0.33 0.36 0.39 0.46 bird 0.49 0.35 0.39 0.54 0.65 bird 0.35 0.38 0.41 0.52 0.61 bird 0.38 0.47 0.52 0.66 0.84 bird 0.38 0.68 0.71 0.73 0.86 
122,bird 0.43 0.60 0.62 0.23 0.30 bird 0.51 0.25 0.28 0.34 0.40 bird 0.35 0.19 0.21 0.40 0.47 bird 0.33 0.34 0.36 0.39 0.45 bird 0.30 0.39 0.41 0.39 0.45 bird 0.46 0.36 0.39 0.54 0.64 bird 0.39 0.38 0.41 0.52 0.61 bird 0.31 0.47 0.51 0.68 0.81 bird 0.38 0.68 0.71 0.73 0.86 
123,bird 0.39 0.60 0.62 0.23 0.30 bird 0.50 0.25 0.28 0.34 0.41 bird 0.35 0.18 0.21 0.40 0.47 bird 0.31 0.34 0.36 0.39 0.46 bird 0.41 0.36 0.39 0.54 0.63 bird 0.37 0.38 0.42 0.53 0.61 bird 0.39 0.47 0.52 0.69 0.90 bird 0.37 0.68 0.72 0.73 0.86 
124,bird 0.45 0.60 0.62 0.24 0.30 bird 0.51 0.25 0.28 0.33 0.41 bird 0.31 0.46 0.48 0.29 0.40 bird 0.41 0.18 0.21 0.40 0.47 bird 0.31 0.33 0.36 0.39 0.46 bird 0.32 0.39 0.41 0.39 0.47 bird 0.38 0.35 0.39 0.54 0.63 bird 0.33 0.38 0.41 0.53 0.61 bird 0.41 0.47 0.52 0.69 0.90 bird 0.41 0.68 0.72 0.73 0.86 
125,bird 0.47 0.43 0.46 0.15 0.28 bird 0.54 0.60 0.62 0.24 0.30 bird 0.56 0.25 0.28 0.33 0.41 bird 0.35 0.46 0.48 0.29 0.39 bird 0.43 0.18 0.21 0.40 0.48 bird 0.35 0.46 0.52 0.70 0.89 bird 0.36 0.68 0.72 0.72 0.86 
126,bird 0.45 0.43 0.46 0.16 0.27 bird 0.51 0.60 0.62 0.24 0.29 bird 0.48 0.25 0.28 0.34 0.40 bird 0.38 0.46 0.48 0.29 0.39 bird 0.46 0.18 0.21 0.40 0.47 bird 0.35 0.34 0.36 0.38 0.46 bird 0.36 0.39 0.41 0.39 0.45 bird 0.31 0.39 0.42 0.46 0.54 bird 0.41 0.36 0.38 0.59 0.66 bird 0.38 0.48 0.51 0.73 0.86 bird 0.41 0.68 0.71 0.72 0.87 
127,bird 0.47 0.43 0.46 0.16 0.27 bird 0.51 0.60 0.62 0.24 0.30 bird 0.50 0.25 0.28 0.34 0.41 bird 0.43 0.46 0.48 0.29 0.39 bird 0.61 0.18 0.21 0.40 0.48 bird 0.47 0.34 0.36 0.38 0.47 bird 0.42 0.39 0.41 0.39 0.47 bird 0.35 0.39 0.42 0.46 0.54 bird 0.48 0.36 0.38 0.59 0.67 bird 0.41 0.47 0.53 0.71 0.88 bird 0.40 0.68 0.71 0.73 0.87 
128,bird 0.44 0.43 0.46 0.15 0.27 bird 0.41 0.60 0.62 0.24 0.30 bird 0.40 0.25 0.28 0.34 0.41 bird 0.38 0.46 0.48 0.29 0.39 bird 0.52 0.18 0.21 0.40 0.48 bird 0.52 0.36 0.38 0.58 0.67 bird 0.31 0.48 0.51 0.74 0.86 bird 0.35 0.68 0.72 0.73 0.87 
129,bird 0.32 0.43 0.46 0.15 0.28 bird 0.31 0.46 0.48 0.29 0.38 bird 0.43 0.18 0.21 0.40 0.48 bird 0.35 0.25 0.28 0.37 0.45 bird 0.44 0.36 0.39 0.58 0.67 bird 0.39 0.68 0.72 0.74 0.87 
130,bird 0.32 0.44 0.46 0.15 0.28 bird 0.32 0.60 0.62 0.25 0.30 bird 0.46 0.18 0.21 0.40 0.48 bird 0.36 0.25 0.28 0.37 0.44 bird 0.50 0.36 0.38 0.58 0.67 bird 0.31 0.48 0.52 0.74 0.86 bird 0.37 0.68 0.72 0.74 0.87 
131,bird 0.35 0.60 0.62 0.25 0.30 bird 0.31 0.46 0.49 0.29 0.38 bird 0.42 0.18 0.21 0.40 0.48 bird 0.40 0.25 0.28 0.36 0.44 bird 0.38 0.35 0.38 0.58 0.68 bird 0.33 0.02 0.09 0.72 0.92 bird 0.34 0.48 0.52 0.73 0.86 bird 0.41 0.68 0.72 0.74 0.88 
132,bird 0.38 0.43 0.46 0.15 0.27 bird 0.45 0.60 0.62 0.25 0.30 bird 0.41 0.46 0.49 0.29 0.38 bird 0.43 0.18 0.21 0.41 0.48 bird 0.44 0.25 0.28 0.36 0.44 bird 0.32 0.39 0.41 0.46 0.54 bird 0.47 0.36 0.39 0.59 0.68 bird 0.45 0.47 0.53 0.72 0.90 bird 0.42 0.68 0.72 0.74 0.88 
133,bird 0.47 0.60 0.62 0.25 0.32 bird 0.46 0.46 0.49 0.29 0.39 bird 0.51 0.18 0.21 0.40 0.49 bird 0.46 0.25 0.28 0.36 0.44 bird 0.44 0.34 0.36 0.39 0.47 bird 0.31 0.39 0.41 0.46 0.54 bird 0.39 0.23 0.27 0.52 0.61 bird 0.47 0.36 0.38 0.59 0.68 bird 0.30 0.01 0.08 0.72 0.92 bird 0.40 0.46 0.52 0.72 0.89 bird 0.40 0.68 0.72 0.75 0.88 
134,bird 0.31 0.59 0.62 0.25 0.32 bird 0.32 0.46 0.49 0.29 0.39 bird 0.48 0.18 0.21 0.40 0.49 bird 0.45 0.25 0.28 0.36 0.45 bird 0.37 0.34 0.36 0.39 0.47 bird 0.33 0.23 0.27 0.52 0.61 bird 0.35 0.35 0.38 0.60 0.67 bird 0.37 0.68 0.72 0.76 0.88 
135,bird 0.32 0.43 0.48 0.14 0.38 bird 0.43 0.59 0.63 0.25 0.32 bird 0.33 0.46 0.49 0.30 0.38 bird 0.50 0.18 0.21 0.40 0.49 bird 0.51 0.25 0.28 0.36 0.45 bird 0.33 0.39 0.42 0.46 0.54 bird 0.32 0.23 0.27 0.52 0.61 bird 0.37 0.36 0.38 0.59 0.68 bird 0.33 0.47 0.52 0.74 0.87 bird 0.35 0.67 0.73 0.72 0.93 
136,bird 0.41 0.60 0.62 0.26 0.31 bird 0.33 0.47 0.49 0.31 0.39 bird 0.48 0.17 0.21 0.41 0.49 bird 0.46 0.25 0.28 0.37 0.44 bird 0.38 0.39 0.42 0.46 0.54 bird 0.31 0.23 0.26 0.53 0.60 bird 0.32 0.36 0.38 0.60 0.69 bird 0.41 0.47 0.52 0.74 0.87 bird 0.40 0.67 0.73 0.73 0.93 
137,bird 0.37 0.60 0.62 0.26 0.32 bird 0.30 0.47 0.49 0.31 0.40 bird 0.48 0.17 0.21 0.41 0.49 bird 0.44 0.25 0.28 0.37 0.45 bird 0.39 0.34 0.37 0.40 0.48 bird 0.33 0.39 0.42 0.46 0.54 bird 0.32 0.23 0.26 0.53 0.60 bird 0.34 0.38 0.41 0.54 0.61 bird 0.38 0.36 0.38 0.60 0.68 bird 0.37 0.47 0.52 0.74 0.86 bird 0.40 0.67 0.73 0.73 0.93 
138,bird 0.47 0.60 0.62 0.26 0.32 bird 0.40 0.47 0.49 0.31 0.41 bird 0.43 0.17 0.21 0.40 0.49 bird 0.45 0.25 0.28 0.37 0.46 bird 0.33 0.39 0.42 0.46 0.55 bird 0.31 0.23 0.26 0.53 0.61 bird 0.32 0.35 0.38 0.60 0.68 bird 0.31 0.47 0.51 0.75 0.87 bird 0.36 0.67 0.73 0.74 0.93 
139,bird 0.37 0.60 0.62 0.26 0.33 bird 0.38 0.47 0.49 0.31 0.41 bird 0.45 0.17 0.21 0.40 0.49 bird 0.41 0.25 0.27 0.38 0.45 bird 0.35 0.39 0.42 0.47 0.55 bird 0.36 0.22 0.26 0.53 0.61 bird 0.33 0.38 0.42 0.55 0.62 bird 0.37 0.35 0.38 0.59 0.69 
140,bird 0.32 0.59 0.62 0.26 0.32 bird 0.37 0.47 0.49 0.30 0.40 bird 0.39 0.17 0.21 0.40 0.49 bird 0.40 0.25 0.27 0.38 0.46 bird 0.31 0.39 0.42 0.47 0.54 bird 0.37 0.22 0.26 0.53 0.61 bird 0.31 0.38 0.41 0.55 0.62 bird 0.40 0.36 0.38 0.60 0.69 bird 0.36 0.67 0.75 0.74 0.99 
141,bird 0.42 0.44 0.46 0.13 0.29 bird 0.44 0.59 0.62 0.26 0.33 bird 0.36 0.17 0.20 0.41 0.48 bird 0.41 0.25 0.27 0.38 0.45 bird 0.32 0.39 0.42 0.47 0.54 bird 0.43 0.22 0.25 0.53 0.62 bird 0.32 0.38 0.41 0.54 0.62 bird 0.47 0.36 0.38 0.60 0.69 bird 0.45 0.67 0.75 0.73 0.99 
142,bird 0.43 0.43 0.46 0.14 0.27 bird 0.38 0.59 0.63 0.26 0.32 bird 0.33 0.47 0.49 0.31 0.39 bird 0.35 0.17 0.20 0.41 0.48 bird 0.46 0.24 0.27 0.38 0.45 bird 0.37 0.36 0.39 0.61 0.69 bird 0.44 0.68 0.75 0.74 0.99 
143,bird 0.35 0.44 0.46 0.14 0.27 bird 0.33 0.59 0.63 0.26 0.33 bird 0.34 0.47 0.50 0.31 0.40 bird 0.31 0.17 0.20 0.41 0.48 bird 0.45 0.24 0.27 0.38 0.46 bird 0.37 0.36 0.39 0.61 0.69 bird 0.38 0.01 0.07 0.72 0.91 bird 0.45 0.67 0.75 0.75 0.99 
144,bird 0.36 0.59 0.63 0.26 0.33 bird 0.46 0.47 0.50 0.31 0.40 bird 0.30 0.17 0.20 0.41 0.48 bird 0.47 0.24 0.27 0.38 0.46 bird 0.32 0.39 0.42 0.47 0.55 bird 0.34 0.35 0.39 0.62 0.69 bird 0.34 0.01 0.07 0.71 0.91 bird 0.43 0.68 0.76 0.76 1.00 
145,bird 0.31 0.44 0.46 0.13 0.28 bird 0.37 0.46 0.50 0.31 0.40 bird 0.31 0.17 0.21 0.41 0.48 bird 0.50 0.24 0.27 0.37 0.46 bird 0.31 0.18 0.21 0.45 0.54 bird 0.35 0.39 0.42 0.47 0.54 bird 0.36 0.35 0.39 0.62 0.69 bird 0.44 0.67 0.76 0.78 1.00 
146,bird 0.40 0.47 0.50 0.31 0.41 bird 0.38 0.61 0.65 0.28 0.37 bird 0.32 0.17 0.20 0.41 0.48 bird 0.51 0.25 0.27 0.38 0.46 bird 0.37 0.39 0.42 0.47 0.54 bird 0.42 0.35 0.39 0.61 0.70 bird 0.50 0.68 0.76 0.78 1.00 
147,bird 0.31 0.43 0.46 0.14 0.28 bird 0.35 0.42 0.48 0.15 0.40 bird 0.41 0.47 0.50 0.31 0.41 bird 0.43 0.61 0.64 0.27 0.38 bird 0.34 0.17 0.20 0.41 0.49 bird 0.50 0.25 0.27 0.38 0.47 bird 0.39 0.20 0.23 0.52 0.61 bird 0.40 0.35 0.39 0.61 0.70 bird 0.56 0.68 0.75 0.79 0.99 
148,bird 0.39 0.47 0.50 0.32 0.40 bird 0.41 0.61 0.64 0.28 0.37 bird 0.52 0.24 0.27 0.38 0.47 bird 0.30 0.18 0.21 0.45 0.54 bird 0.35 0.39 0.42 0.48 0.55 bird 0.44 0.20 0.23 0.51 0.62 bird 0.44 0.35 0.39 0.61 0.70 bird 0.34 0.38 0.41 0.60 0.68 bird 0.43 0.01 0.06 0.74 0.87 bird 0.55 0.68 0.75 0.79 1.00 
149,bird 0.36 0.47 0.50 0.33 0.40 bird 0.40 0.61 0.64 0.28 0.36 bird 0.49 0.25 0.27 0.39 0.47 bird 0.32 0.18 0.21 0.45 0.54 bird 0.44 0.39 0.42 0.48 0.55 bird 0.45 0.20 0.23 0.52 0.61 bird 0.37 0.36 0.39 0.61 0.71 bird 0.43 0.01 0.05 0.74 0.87 bird 0.56 0.68 0.75 0.80 0.99 
150,bird 0.35 0.47 0.50 0.33 0.40 bird 0.42 0.61 0.64 0.28 0.37 bird 0.55 0.25 0.27 0.39 0.47 bird 0.36 0.17 0.21 0.44 0.54 bird 0.43 0.39 0.42 0.47 0.56 bird 0.37 0.20 0.23 0.53 0.61 bird 0.35 0.35 0.39 0.61 0.70 bird 0.44 0.01 0.05 0.74 0.87 bird 0.46 0.67 0.75 0.81 1.00 
151,bird 0.36 0.47 0.50 0.33 0.40 bird 0.36 0.59 0.62 0.30 0.37 bird 0.45 0.61 0.64 0.28 0.37 bird 0.58 0.25 0.28 0.39 0.48 bird 0.31 0.18 0.21 0.44 0.54 bird 0.39 0.38 0.41 0.48 0.55 bird 0.33 0.38 0.41 0.60 0.68 bird 0.38 0.67 0.76 0.82 1.00 
152,bird 0.34 0.47 0.50 0.33 0.40 bird 0.31 0.59 0.62 0.30 0.37 bird 0.48 0.61 0.64 0.28 0.36 bird 0.54 0.24 0.27 0.40 0.47 bird 0.31 0.18 0.21 0.45 0.54 bird 0.32 0.38 0.41 0.48 0.56 bird 0.43 0.20 0.23 0.53 0.61 bird 0.40 0.35 0.38 0.61 0.70 bird 0.44 0.38 0.40 0.60 0.69 bird 0.32 0.01 0.05 0.70 0.92 bird 0.36 0.68 0.76 0.82 0.99 
153,bird 0.37 0.47 0.50 0.33 0.40 bird 0.37 0.59 0.62 0.29 0.38 bird 0.49 0.61 0.64 0.28 0.38 bird 0.59 0.24 0.27 0.39 0.48 bird 0.35 0.17 0.21 0.44 0.54 bird 0.38 0.35 0.39 0.61 0.71 bird 0.35 0.37 0.40 0.61 0.69 bird 0.36 0.67 0.77 0.82 0.99 
154,bird 0.37 0.47 0.50 0.33 0.40 bird 0.47 0.61 0.65 0.28 0.38 bird 0.60 0.24 0.27 0.39 0.48 bird 0.43 0.17 0.20 0.44 0.55 bird 0.35 0.39 0.41 0.48 0.56 bird 0.30 0.19 0.23 0.53 0.62 bird 0.40 0.35 0.38 0.62 0.71 bird 0.37 0.38 0.41 0.61 0.70 bird 0.41 0.68 0.77 0.83 1.00 
155,bird 0.35 0.47 0.50 0.33 0.40 bird 0.48 0.61 0.64 0.30 0.37 bird 0.60 0.24 0.28 0.39 0.48 bird 0.39 0.17 0.21 0.44 0.54 bird 0.37 0.39 0.41 0.48 0.55 bird 0.35 0.20 0.23 0.52 0.62 bird 0.39 0.35 0.38 0.61 0.71 bird 0.34 0.37 0.41 0.61 0.70 
156,bird 0.44 0.46 0.49 0.33 0.40 bird 0.44 0.61 0.64 0.30 0.38 bird 0.63 0.24 0.27 0.39 0.49 bird 0.45 0.47 0.50 0.36 0.44 bird 0.43 0.16 0.20 0.44 0.55 bird 0.34 0.20 0.23 0.52 0.63 
157,bird 0.46 0.46 0.49 0.33 0.40 bird 0.47 0.60 0.64 0.30 0.38 bird 0.67 0.24 0.28 0.39 0.49 bird 0.41 0.47 0.50 0.36 0.44 bird 0.43 0.16 0.21 0.44 0.56 bird 0.37 0.19 0.23 0.51 0.64 bird 0.31 0.38 0.42 0.51 0.62 bird 0.33 0.35 0.38 0.61 0.73 
158,bird 0.39 0.47 0.50 0.33 0.41 bird 0.48 0.61 0.64 0.29 0.39 bird 0.65 0.24 0.28 0.39 0.49 bird 0.45 0.48 0.51 0.36 0.44 bird 0.41 0.17 0.21 0.46 0.55 bird 0.39 0.35 0.37 0.45 0.53 bird 0.32 0.19 0.23 0.52 0.62 bird 0.35 0.38 0.42 0.52 0.61 bird 0.40 0.35 0.38 0.66 0.76 bird 0.33 0.00 0.05 0.69 0.94 
159,bird 0.32 0.46 0.50 0.32 0.41 bird 0.48 0.61 0.64 0.30 0.39 bird 0.68 0.24 0.28 0.40 0.49 bird 0.49 0.48 0.51 0.37 0.44 bird 0.38 0.17 0.20 0.46 0.55 bird 0.45 0.34 0.37 0.45 0.54 bird 0.37 0.19 0.23 0.52 0.63 bird 0.33 0.38 0.42 0.52 0.62 bird 0.34 0.37 0.40 0.62 0.71 bird 0.33 0.01 0.04 0.68 0.81 bird 0.43 0.35 0.38 0.66 0.75 
160,bird 0.46 0.61 0.64 0.30 0.39 bird 0.66 0.24 0.28 0.40 0.49 bird 0.47 0.48 0.50 0.37 0.44 bird 0.42 0.17 0.20 0.46 0.55 bird 0.32 0.34 0.38 0.45 0.54 bird 0.33 0.19 0.22 0.51 0.64 bird 0.35 0.38 0.42 0.52 0.62 bird 0.39 0.35 0.39 0.62 0.72 bird 0.33 0.01 0.04 0.68 0.81 bird 0.32 0.35 0.38 0.67 0.76 
161,bird 0.47 0.61 0.64 0.30 0.39 bird 0.64 0.24 0.27 0.40 0.50 bird 0.48 0.47 0.50 0.36 0.44 bird 0.40 0.17 0.20 0.46 0.55 bird 0.39 0.34 0.37 0.45 0.53 bird 0.35 0.19 0.23 0.52 0.63 bird 0.31 0.38 0.42 0.51 0.61 bird 0.36 0.35 0.39 0.62 0.72 bird 0.39 0.01 0.04 0.69 0.81 bird 0.30 0.35 0.38 0.67 0.76 
162,bird 0.47 0.61 0.64 0.30 0.40 bird 0.65 0.24 0.28 0.40 0.49 bird 0.52 0.47 0.50 0.37 0.44 bird 0.42 0.17 0.20 0.46 0.54 bird 0.39 0.34 0.37 0.46 0.54 bird 0.38 0.17 0.22 0.48 0.67 bird 0.42 0.38 0.42 0.51 0.61 bird 0.39 0.35 0.39 0.62 0.72 bird 0.42 0.00 0.04 0.68 0.81 
163,bird 0.43 0.42 0.47 0.15 0.40 bird 0.49 0.61 0.65 0.31 0.40 bird 0.62 0.24 0.27 0.40 0.49 bird 0.53 0.47 0.50 0.37 0.44 bird 0.45 0.17 0.20 0.46 0.54 bird 0.51 0.33 0.37 0.46 0.54 bird 0.39 0.18 0.22 0.52 0.63 bird 0.43 0.39 0.42 0.51 0.61 bird 0.31 0.00 0.04 0.68 0.81 bird 0.44 0.35 0.39 0.66 0.78 
164,bird 0.31 0.42 0.47 0.16 0.39 bird 0.45 0.61 0.64 0.31 0.40 bird 0.51 0.47 0.50 0.37 0.44 bird 0.51 0.16 0.20 0.45 0.54 bird 0.52 0.24 0.28 0.42 0.52 bird 0.51 0.33 0.37 0.45 0.54 bird 0.40 0.18 0.22 0.52 0.64 bird 0.34 0.00 0.04 0.68 0.81 bird 0.38 0.35 0.39 0.67 0.78 
165,bird 0.30 0.42 0.47 0.16 0.40 bird 0.49 0.61 0.64 0.32 0.40 bird 0.47 0.47 0.50 0.37 0.44 bird 0.52 0.16 0.20 0.45 0.55 bird 0.53 0.24 0.28 0.42 0.53 bird 0.36 0.33 0.37 0.45 0.55 bird 0.41 0.17 0.22 0.47 0.67 bird 0.32 0.00 0.04 0.68 0.80 bird 0.48 0.35 0.39 0.66 0.78 
166,bird 0.39 0.61 0.65 0.32 0.40 bird 0.43 0.47 0.49 0.37 0.44 bird 0.54 0.16 0.20 0.45 0.55 bird 0.55 0.24 0.27 0.42 0.53 bird 0.39 0.18 0.22 0.52 0.64 bird 0.44 0.35 0.39 0.67 0.77 
167,bird 0.36 0.62 0.65 0.32 0.40 bird 0.38 0.47 0.50 0.38 0.44 bird 0.55 0.16 0.20 0.45 0.55 bird 0.55 0.24 0.27 0.42 0.53 bird 0.41 0.17 0.22 0.47 0.67 bird 0.34 0.38 0.42 0.51 0.61 bird 0.38 0.35 0.39 0.67 0.77 
168,bird 0.34 0.62 0.65 0.32 0.41 bird 0.32 0.47 0.50 0.39 0.45 bird 0.54 0.16 0.20 0.45 0.55 bird 0.60 0.24 0.28 0.42 0.52 bird 0.36 0.17 0.21 0.51 0.64 bird 0.37 0.35 0.39 0.68 0.77 
169,bird 0.31 0.62 0.65 0.32 0.41 bird 0.31 0.48 0.50 0.39 0.46 bird 0.50 0.16 0.20 0.46 0.55 bird 0.58 0.24 0.28 0.42 0.53 bird 0.33 0.18 0.21 0.60 0.68 bird 0.37 0.35 0.39 0.68 0.77 
170,bird 0.31 0.44 0.46 0.16 0.23 bird 0.33 0.43 0.46 0.21 0.33 bird 0.35 0.62 0.66 0.32 0.41 bird 0.35 0.47 0.50 0.39 0.45 bird 0.30 0.61 0.65 0.36 0.44 bird 0.54 0.16 0.19 0.46 0.55 bird 0.60 0.25 0.28 0.43 0.53 bird 0.35 0.39 0.42 0.53 0.62 bird 0.41 0.19 0.22 0.60 0.68 bird 0.36 0.35 0.39 0.68 0.77 
171,bird 0.38 0.47 0.50 0.39 0.46 bird 0.47 0.62 0.65 0.35 0.44 bird 0.49 0.16 0.19 0.47 0.56 bird 0.58 0.24 0.28 0.43 0.53 bird 0.38 0.18 0.22 0.61 0.68 bird 0.32 0.35 0.39 0.69 0.77 
172,bird 0.38 0.44 0.46 0.16 0.24 bird 0.33 0.43 0.46 0.21 0.34 bird 0.49 0.47 0.50 0.39 0.46 bird 0.53 0.61 0.66 0.35 0.45 bird 0.54 0.16 0.19 0.47 0.56 bird 0.60 0.24 0.28 0.43 0.53 bird 0.31 0.34 0.38 0.47 0.54 bird 0.39 0.39 0.42 0.53 0.61 bird 0.42 0.18 0.22 0.61 0.69 bird 0.35 0.35 0.39 0.68 0.78 
173,bird 0.32 0.44 0.46 0.16 0.24 bird 0.38 0.43 0.46 0.21 0.35 bird 0.45 0.47 0.50 0.39 0.47 bird 0.51 0.61 0.65 0.35 0.44 bird 0.53 0.16 0.19 0.47 0.56 bird 0.61 0.25 0.28 0.43 0.53 bird 0.44 0.18 0.21 0.60 0.69 bird 0.33 0.00 0.04 0.68 0.79 
174,bird 0.41 0.48 0.51 0.39 0.48 bird 0.50 0.62 0.66 0.35 0.45 bird 0.51 0.16 0.19 0.47 0.56 bird 0.59 0.25 0.28 0.43 0.54 bird 0.42 0.18 0.21 0.59 0.70 
175,bird 0.46 0.48 0.51 0.39 0.48 bird 0.53 0.62 0.65 0.36 0.46 bird 0.46 0.16 0.19 0.47 0.56 bird 0.58 0.25 0.28 0.43 0.54 bird 0.40 0.18 0.21 0.60 0.70 
176,bird 0.36 0.43 0.45 0.29 0.36 bird 0.44 0.48 0.51 0.40 0.49 bird 0.45 0.62 0.66 0.36 0.46 bird 0.53 0.15 0.19 0.47 0.57 bird 0.59 0.25 0.28 0.43 0.55 bird 0.40 0.49 0.52 0.43 0.52 bird 0.35 0.16 0.19 0.52 0.61 bird 0.47 0.17 0.21 0.60 0.71 
177,bird 0.34 0.43 0.45 0.29 0.36 bird 0.39 0.47 0.51 0.40 0.48 bird 0.38 0.62 0.66 0.37 0.44 bird 0.54 0.15 0.19 0.48 0.57 bird 0.64 0.25 0.28 0.43 0.55 bird 0.37 0.38 0.42 0.54 0.62 bird 0.47 0.17 0.20 0.61 0.71 bird 0.35 0.00 0.03 0.68 0.79 bird 0.40 0.34 0.40 0.67 0.83 
178,bird 0.33 0.43 0.45 0.29 0.36 bird 0.43 0.47 0.51 0.40 0.48 bird 0.42 0.62 0.66 0.36 0.46 bird 0.50 0.16 0.19 0.48 0.57 bird 0.67 0.25 0.28 0.44 0.55 bird 0.36 0.38 0.42 0.54 0.61 bird 0.45 0.17 0.20 0.61 0.71 bird 0.34 0.00 0.04 0.68 0.79 bird 0.40 0.34 0.40 0.67 0.82 
179,bird 0.39 0.47 0.51 0.41 0.49 bird 0.41 0.62 0.65 0.37 0.46 bird 0.46 0.15 0.19 0.48 0.57 bird 0.68 0.25 0.28 0.44 0.55 bird 0.39 0.38 0.42 0.54 0.63 bird 0.43 0.17 0.20 0.61 0.72 bird 0.38 0.00 0.03 0.68 0.79 bird 0.34 0.34 0.38 0.69 0.79 bird 0.35 0.34 0.37 0.74 0.84 
180,bird 0.32 0.44 0.52 0.22 0.49 bird 0.47 0.47 0.51 0.40 0.50 bird 0.38 0.63 0.66 0.37 0.46 bird 0.52 0.15 0.20 0.48 0.57 bird 0.69 0.25 0.28 0.45 0.55 bird 0.45 0.38 0.42 0.54 0.64 bird 0.49 0.17 0.20 0.61 0.72 bird 0.38 0.00 0.03 0.67 0.79 bird 0.38 0.35 0.38 0.69 0.79 bird 0.37 0.34 0.37 0.74 0.84 
181,bird 0.38 0.63 0.66 0.38 0.46 bird 0.39 0.16 0.20 0.48 0.56 bird 0.67 0.25 0.29 0.45 0.56 bird 0.32 0.33 0.37 0.48 0.55 bird 0.43 0.49 0.51 0.43 0.51 bird 0.42 0.15 0.19 0.52 0.62 bird 0.41 0.38 0.42 0.54 0.63 bird 0.43 0.16 0.20 0.61 0.72 bird 0.42 0.00 0.04 0.67 0.78 bird 0.33 0.34 0.38 0.70 0.79 bird 0.32 0.34 0.38 0.74 0.84 
182,bird 0.31 0.48 0.51 0.41 0.48 bird 0.36 0.63 0.66 0.38 0.46 bird 0.66 0.25 0.28 0.45 0.56 bird 0.44 0.49 0.52 0.44 0.51 bird 0.42 0.15 0.19 0.52 0.62 bird 0.30 0.38 0.42 0.54 0.63 bird 0.39 0.16 0.20 0.60 0.72 bird 0.40 0.00 0.03 0.68 0.78 bird 0.37 0.34 0.38 0.70 0.79 bird 0.39 0.34 0.38 0.74 0.84 bird 0.32 0.45 0.51 0.93 1.01 
183,bird 0.31 0.42 0.45 0.30 0.38 bird 0.35 0.63 0.66 0.38 0.46 bird 0.68 0.25 0.28 0.45 0.56 bird 0.32 0.33 0.38 0.49 0.55 bird 0.47 0.49 0.52 0.44 0.51 bird 0.44 0.15 0.19 0.52 0.62 bird 0.31 0.38 0.42 0.55 0.63 bird 0.35 0.15 0.20 0.54 0.74 bird 0.37 0.34 0.37 0.74 0.85 
184,bird 0.36 0.42 0.45 0.29 0.38 bird 0.67 0.25 0.28 0.46 0.56 bird 0.37 0.48 0.51 0.43 0.51 bird 0.46 0.15 0.19 0.52 0.62 bird 0.36 0.16 0.20 0.60 0.71 bird 0.33 0.17 0.20 0.67 0.75 bird 0.42 0.34 0.38 0.74 0.85 
185,bird 0.38 0.42 0.45 0.29 0.38 bird 0.32 0.47 0.50 0.41 0.49 bird 0.36 0.63 0.66 0.39 0.46 bird 0.69 0.25 0.28 0.46 0.57 bird 0.43 0.48 0.51 0.43 0.52 bird 0.51 0.15 0.19 0.51 0.62 bird 0.33 0.16 0.19 0.60 0.71 bird 0.38 0.38 0.42 0.58 0.69 bird 0.34 0.16 0.19 0.67 0.75 bird 0.44 0.33 0.39 0.71 0.89 
186,bird 0.33 0.43 0.46 0.20 0.36 bird 0.38 0.42 0.45 0.30 0.37 bird 0.34 0.47 0.50 0.41 0.49 bird 0.37 0.63 0.66 0.39 0.47 bird 0.68 0.25 0.28 0.46 0.56 bird 0.43 0.48 0.51 0.44 0.51 bird 0.41 0.15 0.18 0.52 0.63 bird 0.32 0.16 0.19 0.59 0.71 bird 0.35 0.38 0.41 0.59 0.68 bird 0.31 0.16 0.19 0.68 0.75 bird 0.31 0.34 0.38 0.70 0.79 bird 0.37 0.34 0.37 0.75 0.86 
187,bird 0.34 0.43 0.47 0.19 0.35 bird 0.35 0.42 0.45 0.30 0.38 bird 0.31 0.47 0.51 0.41 0.49 bird 0.41 0.63 0.67 0.39 0.48 bird 0.65 0.25 0.29 0.46 0.56 bird 0.45 0.48 0.51 0.44 0.51 bird 0.49 0.14 0.18 0.52 0.62 bird 0.31 0.14 0.20 0.54 0.75 bird 0.37 0.38 0.41 0.59 0.68 bird 0.32 0.16 0.19 0.68 0.75 bird 0.35 0.34 0.37 0.75 0.86 
188,bird 0.38 0.43 0.52 0.22 0.48 bird 0.42 0.63 0.67 0.39 0.47 bird 0.65 0.25 0.28 0.46 0.56 bird 0.46 0.48 0.51 0.44 0.52 bird 0.50 0.14 0.18 0.51 0.63 bird 0.32 0.33 0.37 0.54 0.62 bird 0.35 0.16 0.19 0.60 0.71 bird 0.42 0.38 0.41 0.59 0.69 bird 0.36 0.34 0.37 0.75 0.86 
189,bird 0.38 0.42 0.45 0.30 0.38 bird 0.40 0.63 0.67 0.39 0.49 bird 0.65 0.25 0.28 0.47 0.57 bird 0.45 0.48 0.51 0.43 0.52 bird 0.46 0.15 0.18 0.52 0.63 bird 0.32 0.34 0.38 0.53 0.63 bird 0.38 0.14 0.19 0.54 0.76 bird 0.42 0.38 0.41 0.58 0.69 bird 0.38 0.16 0.19 0.67 0.76 bird 0.40 0.33 0.39 0.71 0.90 
190,bird 0.34 0.42 0.45 0.30 0.38 bird 0.46 0.63 0.67 0.40 0.48 bird 0.60 0.25 0.28 0.47 0.56 bird 0.37 0.49 0.51 0.45 0.52 bird 0.46 0.14 0.18 0.52 0.63 bird 0.33 0.16 0.19 0.59 0.72 bird 0.45 0.38 0.41 0.59 0.68 bird 0.38 0.16 0.19 0.67 0.76 bird 0.43 0.33 0.39 0.71 0.92 
191,bird 0.49 0.42 0.47 0.17 0.40 bird 0.45 0.63 0.67 0.41 0.49 bird 0.60 0.25 0.28 0.47 0.57 bird 0.36 0.48 0.51 0.44 0.53 bird 0.49 0.14 0.18 0.52 0.63 bird 0.31 0.16 0.19 0.59 0.72 bird 0.50 0.38 0.42 0.58 0.69 bird 0.42 0.16 0.19 0.67 0.77 bird 0.35 0.34 0.37 0.76 0.86 
192,bird 0.31 0.42 0.47 0.17 0.38 bird 0.34 0.42 0.45 0.31 0.38 bird 0.45 0.63 0.67 0.42 0.48 bird 0.58 0.25 0.28 0.48 0.57 bird 0.42 0.48 0.51 0.45 0.53 bird 0.48 0.14 0.18 0.52 0.63 bird 0.37 0.33 0.36 0.54 0.62 bird 0.30 0.16 0.19 0.59 0.72 bird 0.44 0.39 0.42 0.59 0.69 bird 0.34 0.00 0.03 0.66 0.79 bird 0.42 0.16 0.19 0.67 0.77 bird 0.37 0.34 0.38 0.76 0.86 
193,bird 0.65 0.25 0.29 0.48 0.57 bird 0.41 0.48 0.51 0.45 0.53 bird 0.38 0.63 0.67 0.44 0.51 bird 0.50 0.14 0.18 0.53 0.64 bird 0.38 0.33 0.36 0.54 0.62 bird 0.44 0.38 0.41 0.58 0.69 bird 0.33 0.00 0.03 0.65 0.79 bird 0.42 0.16 0.19 0.67 0.77 bird 0.34 0.34 0.38 0.76 0.86 
194,bird 0.41 0.63 0.67 0.42 0.49 bird 0.58 0.25 0.28 0.48 0.57 bird 0.32 0.48 0.51 0.45 0.53 bird 0.47 0.14 0.18 0.53 0.63 bird 0.33 0.34 0.36 0.55 0.62 bird 0.36 0.14 0.19 0.55 0.76 bird 0.45 0.38 0.42 0.59 0.69 bird 0.43 0.16 0.19 0.67 0.77 bird 0.32 0.34 0.38 0.76 0.86 
195,bird 0.58 0.25 0.28 0.48 0.57 bird 0.35 0.48 0.50 0.45 0.54 bird 0.36 0.64 0.67 0.44 0.51 bird 0.45 0.15 0.18 0.54 0.63 bird 0.35 0.14 0.19 0.55 0.76 bird 0.42 0.38 0.41 0.59 0.69 bird 0.31 0.00 0.03 0.66 0.79 bird 0.42 0.16 0.19 0.67 0.77 bird 0.32 0.34 0.38 0.77 0.86 
196,bird 0.37 0.42 0.45 0.31 0.38 bird 0.33 0.48 0.50 0.45 0.54 bird 0.40 0.63 0.67 0.44 0.51 bird 0.45 0.15 0.18 0.53 0.63 bird 0.53 0.25 0.29 0.50 0.61 bird 0.33 0.38 0.41 0.55 0.63 bird 0.36 0.14 0.19 0.55 0.77 bird 0.43 0.38 0.42 0.59 0.69 bird 0.33 0.16 0.19 0.67 0.78 
197,bird 0.32 0.42 0.45 0.31 0.38 bird 0.32 0.48 0.50 0.46 0.54 bird 0.37 0.63 0.67 0.44 0.51 bird 0.44 0.15 0.18 0.54 0.63 bird 0.52 0.25 0.29 0.50 0.60 bird 0.42 0.38 0.41 0.59 0.69 bird 0.36 0.32 0.39 0.73 0.91 
198,bird 0.31 0.42 0.45 0.31 0.39 bird 0.41 0.48 0.50 0.46 0.55 bird 0.46 0.64 0.68 0.44 0.52 bird 0.46 0.14 0.18 0.54 0.63 bird 0.51 0.25 0.28 0.50 0.60 bird 0.38 0.38 0.41 0.60 0.69 
199,bird 0.47 0.25 0.28 0.49 0.57 bird 0.36 0.48 0.50 0.46 0.55 bird 0.38 0.64 0.67 0.44 0.52 bird 0.38 0.15 0.18 0.54 0.63 bird 0.40 0.38 0.41 0.60 0.69 
200,bird 0.35 0.43 0.47 0.18 0.40 bird 0.40 0.48 0.50 0.47 0.55 bird 0.40 0.63 0.67 0.44 0.53 bird 0.30 0.13 0.16 0.55 0.62 bird 0.38 0.15 0.18 0.54 0.63 bird 0.45 0.25 0.28 0.50 0.62 bird 0.33 0.33 0.37 0.59 0.68 bird 0.40 0.38 0.41 0.60 0.69 
201,bird 0.42 0.47 0.50 0.47 0.55 bird 0.37 0.63 0.68 0.44 0.52 bird 0.33 0.13 0.16 0.55 0.62 bird 0.40 0.15 0.18 0.54 0.63 bird 0.48 0.25 0.28 0.51 0.62 bird 0.34 0.14 0.19 0.55 0.78 bird 0.37 0.38 0.41 0.61 0.70 
202,bird 0.31 0.42 0.45 0.32 0.39 bird 0.38 0.47 0.50 0.47 0.55 bird 0.40 0.64 0.68 0.44 0.52 bird 0.38 0.13 0.16 0.55 0.63 bird 0.51 0.25 0.28 0.51 0.62 bird 0.35 0.38 0.41 0.60 0.70 bird 0.31 0.15 0.19 0.65 0.78 
203,bird 0.32 0.43 0.48 0.17 0.40 bird 0.41 0.47 0.51 0.48 0.55 bird 0.40 0.64 0.68 0.45 0.53 bird 0.37 0.13 0.16 0.54 0.63 bird 0.52 0.25 0.29 0.51 0.62 bird 0.42 0.38 0.41 0.60 0.71 bird 0.32 0.15 0.18 0.67 0.78 
204,bird 0.43 0.42 0.48 0.17 0.40 bird 0.43 0.48 0.51 0.48 0.56 bird 0.36 0.13 0.16 0.55 0.63 bird 0.56 0.25 0.29 0.52 0.62 bird 0.33 -0.00 0.03 0.62 0.72 bird 0.36 0.38 0.41 0.60 0.71 bird 0.35 0.15 0.19 0.67 0.78 bird 0.34 0.32 0.39 0.77 0.97 
205,bird 0.42 0.43 0.48 0.17 0.40 bird 0.43 0.48 0.51 0.48 0.56 bird 0.40 0.13 0.16 0.55 0.63 bird 0.55 0.25 0.29 0.51 0.62 bird 0.40 -0.00 0.03 0.62 0.73 bird 0.36 0.14 0.19 0.56 0.79 bird 0.35 0.38 0.41 0.61 0.70 
206,bird 0.41 0.43 0.48 0.17 0.40 bird 0.42 0.64 0.68 0.45 0.53 bird 0.36 0.13 0.16 0.56 0.63 bird 0.51 0.26 0.29 0.52 0.61 bird 0.42 0.49 0.51 0.51 0.59 bird 0.39 0.38 0.41 0.60 0.71 bird 0.38 0.15 0.18 0.67 0.78 
207,bird 0.37 0.42 0.45 0.31 0.40 bird 0.37 0.48 0.51 0.48 0.55 bird 0.37 0.64 0.68 0.46 0.53 bird 0.35 0.13 0.16 0.56 0.63 bird 0.50 0.26 0.29 0.52 0.61 bird 0.43 0.49 0.52 0.51 0.59 bird 0.38 0.00 0.03 0.63 0.72 bird 0.31 0.13 0.16 0.60 0.68 bird 0.38 0.38 0.41 0.60 0.71 bird 0.41 0.15 0.18 0.67 0.79 
208,bird 0.34 0.42 0.44 0.33 0.40 bird 0.32 0.41 0.44 0.36 0.45 bird 0.39 0.48 0.51 0.48 0.55 bird 0.44 0.64 0.68 0.46 0.54 bird 0.32 0.13 0.16 0.55 0.63 bird 0.33 0.15 0.19 0.55 0.63 bird 0.52 0.26 0.29 0.52 0.62 bird 0.34 0.49 0.52 0.51 0.59 bird 0.32 0.00 0.03 0.63 0.72 bird 0.39 0.38 0.41 0.61 0.71 bird 0.40 0.15 0.18 0.67 0.80 
209,bird 0.37 0.42 0.45 0.32 0.41 bird 0.30 0.48 0.51 0.48 0.55 bird 0.44 0.64 0.68 0.46 0.54 bird 0.32 0.13 0.16 0.55 0.63 bird 0.30 0.15 0.19 0.55 0.62 bird 0.51 0.26 0.29 0.52 0.62 bird 0.43 0.49 0.52 0.51 0.59 bird 0.35 0.00 0.03 0.63 0.71 bird 0.32 0.13 0.16 0.60 0.68 bird 0.35 0.38 0.41 0.61 0.71 bird 0.43 0.15 0.18 0.67 0.80 
210,bird 0.33 0.42 0.45 0.36 0.45 bird 0.40 0.64 0.68 0.47 0.54 bird 0.47 0.26 0.29 0.52 0.62 bird 0.38 0.49 0.52 0.51 0.59 bird 0.37 0.00 0.04 0.63 0.71 bird 0.30 0.13 0.16 0.60 0.68 bird 0.31 0.38 0.41 0.61 0.71 bird 0.41 0.15 0.18 0.68 0.80 
211,bird 0.41 0.42 0.45 0.33 0.41 bird 0.34 0.65 0.68 0.47 0.55 bird 0.36 0.13 0.16 0.56 0.63 bird 0.47 0.26 0.29 0.53 0.62 bird 0.38 0.49 0.52 0.51 0.59 bird 0.38 0.01 0.04 0.63 0.71 bird 0.36 0.13 0.16 0.60 0.68 bird 0.41 0.15 0.18 0.67 0.79 
212,bird 0.39 0.42 0.45 0.33 0.41 bird 0.31 0.48 0.51 0.48 0.55 bird 0.38 0.65 0.68 0.48 0.55 bird 0.32 0.13 0.16 0.56 0.63 bird 0.49 0.26 0.29 0.53 0.62 bird 0.45 0.49 0.52 0.52 0.59 bird 0.40 0.01 0.04 0.63 0.71 bird 0.34 0.13 0.16 0.60 0.68 bird 0.37 0.15 0.18 0.68 0.79 
213,bird 0.40 0.42 0.45 0.36 0.46 bird 0.34 0.48 0.51 0.48 0.56 bird 0.38 0.64 0.68 0.48 0.56 bird 0.34 0.13 0.16 0.56 0.63 bird 0.51 0.26 0.29 0.53 0.63 bird 0.49 0.49 0.52 0.51 0.60 bird 0.40 0.00 0.04 0.63 0.71 bird 0.36 0.13 0.16 0.60 0.68 bird 0.34 0.15 0.18 0.68 0.79 
214,bird 0.43 0.42 0.45 0.36 0.45 bird 0.34 0.48 0.51 0.49 0.56 bird 0.31 0.65 0.68 0.48 0.55 bird 0.34 0.15 0.18 0.56 0.63 bird 0.53 0.26 0.29 0.53 0.64 bird 0.39 0.49 0.52 0.52 0.60 bird 0.40 0.01 0.05 0.63 0.71 bird 0.30 0.14 0.18 0.61 0.70 bird 0.31 0.15 0.18 0.68 0.79 bird 0.40 0.32 0.39 0.81 0.99 
215,bird 0.38 0.42 0.45 0.37 0.44 bird 0.34 0.65 0.68 0.49 0.55 bird 0.31 0.15 0.18 0.56 0.63 bird 0.52 0.26 0.29 0.54 0.64 bird 0.37 0.49 0.52 0.52 0.60 bird 0.37 0.65 0.69 0.53 0.59 bird 0.40 0.01 0.05 0.63 0.71 bird 0.30 0.13 0.16 0.60 0.68 
216,bird 0.47 0.42 0.45 0.36 0.44 bird 0.32 0.48 0.51 0.49 0.57 bird 0.43 0.64 0.68 0.48 0.56 bird 0.31 0.13 0.16 0.57 0.63 bird 0.53 0.26 0.29 0.53 0.64 bird 0.51 0.49 0.52 0.51 0.60 bird 0.42 0.65 0.69 0.52 0.59 bird 0.37 0.01 0.05 0.62 0.71 bird 0.37 0.13 0.16 0.59 0.68 bird 0.37 0.15 0.18 0.60 0.69 bird 0.32 0.15 0.18 0.68 0.79 
217,bird 0.44 0.42 0.45 0.36 0.45 bird 0.41 0.65 0.68 0.49 0.56 bird 0.38 0.13 0.16 0.56 0.64 bird 0.36 0.15 0.18 0.56 0.64 bird 0.54 0.26 0.29 0.54 0.64 bird 0.48 0.49 0.52 0.51 0.61 bird 0.42 0.65 0.69 0.52 0.59 bird 0.36 0.01 0.05 0.62 0.71 bird 0.35 0.15 0.18 0.60 0.69 bird 0.33 0.34 0.37 0.61 0.69 
218,bird 0.46 0.42 0.45 0.37 0.44 bird 0.42 0.65 0.68 0.48 0.56 bird 0.36 0.13 0.16 0.56 0.64 bird 0.57 0.26 0.30 0.54 0.64 bird 0.41 0.49 0.52 0.52 0.61 bird 0.43 0.01 0.05 0.61 0.71 bird 0.31 0.15 0.18 0.60 0.69 bird 0.37 0.34 0.37 0.61 0.69 bird 0.36 0.15 0.18 0.67 0.79 bird 0.34 0.38 0.42 0.65 0.76 
219,bird 0.47 0.42 0.45 0.37 0.44 bird 0.36 0.64 0.68 0.48 0.56 bird 0.37 0.13 0.16 0.56 0.64 bird 0.56 0.26 0.30 0.54 0.64 bird 0.42 0.49 0.52 0.51 0.61 bird 0.41 0.65 0.69 0.52 0.60 bird 0.45 0.01 0.05 0.61 0.71 bird 0.32 0.15 0.18 0.60 0.70 bird 0.37 0.34 0.37 0.61 0.70 bird 0.38 0.15 0.18 0.68 0.79 bird 0.34 0.38 0.42 0.65 0.76 
220,bird 0.42 0.42 0.45 0.37 0.44 bird 0.43 0.64 0.68 0.49 0.56 bird 0.55 0.26 0.29 0.54 0.64 bird 0.37 0.48 0.51 0.52 0.61 bird 0.33 0.65 0.69 0.53 0.60 bird 0.41 0.01 0.06 0.62 0.72 bird 0.33 0.34 0.37 0.61 0.69 bird 0.35 0.15 0.18 0.67 0.80 bird 0.42 0.38 0.42 0.65 0.77 bird 0.39 0.31 0.39 0.81 0.99 
221,bird 0.40 0.42 0.45 0.37 0.44 bird 0.36 0.64 0.68 0.49 0.56 bird 0.59 0.26 0.30 0.53 0.64 bird 0.41 0.48 0.52 0.52 0.61 bird 0.39 0.65 0.69 0.52 0.61 bird 0.36 0.01 0.05 0.63 0.71 bird 0.38 0.34 0.37 0.61 0.69 bird 0.42 0.15 0.18 0.67 0.79 bird 0.40 0.38 0.42 0.65 0.77 
222,bird 0.41 0.42 0.45 0.37 0.45 bird 0.38 0.65 0.68 0.49 0.56 bird 0.37 0.12 0.16 0.57 0.64 bird 0.60 0.26 0.30 0.53 0.64 bird 0.45 0.48 0.52 0.52 0.62 bird 0.44 0.65 0.69 0.52 0.61 bird 0.35 0.01 0.05 0.62 0.72 bird 0.31 0.15 0.18 0.60 0.70 bird 0.41 0.34 0.37 0.61 0.70 bird 0.33 0.39 0.43 0.62 0.70 bird 0.46 0.15 0.18 0.65 0.80 bird 0.36 0.39 0.42 0.66 0.76 
223,bird 0.31 0.42 0.48 0.21 0.48 bird 0.41 0.42 0.45 0.37 0.44 bird 0.32 0.64 0.68 0.49 0.56 bird 0.60 0.27 0.30 0.53 0.65 bird 0.35 0.48 0.51 0.53 0.61 bird 0.40 0.65 0.69 0.53 0.60 bird 0.31 0.01 0.07 0.60 0.75 bird 0.32 0.13 0.16 0.60 0.69 bird 0.41 0.34 0.37 0.61 0.70 bird 0.32 0.01 0.05 0.68 0.78 bird 0.45 0.15 0.18 0.65 0.80 bird 0.40 0.39 0.42 0.66 0.76 
224,bird 0.30 0.42 0.48 0.22 0.46 bird 0.46 0.42 0.45 0.37 0.44 bird 0.33 0.64 0.68 0.50 0.56 bird 0.56 0.27 0.31 0.53 0.65 bird 0.40 0.65 0.69 0.53 0.60 bird 0.34 0.01 0.05 0.62 0.72 bird 0.34 0.13 0.16 0.60 0.69 bird 0.38 0.34 0.37 0.62 0.70 bird 0.45 0.15 0.18 0.66 0.80 bird 0.40 0.39 0.42 0.67 0.76 
225,bird 0.32 0.43 0.48 0.23 0.46 bird 0.50 0.42 0.45 0.37 0.44 bird 0.31 0.64 0.68 0.49 0.55 bird 0.56 0.27 0.31 0.53 0.64 bird 0.40 0.66 0.69 0.53 0.61 bird 0.37 0.34 0.37 0.62 0.70 bird 0.41 0.15 0.18 0.67 0.79 
226,bird 0.49 0.43 0.45 0.37 0.44 bird 0.34 0.64 0.67 0.50 0.55 bird 0.57 0.27 0.31 0.53 0.65 bird 0.38 0.65 0.69 0.53 0.61 bird 0.37 0.34 0.37 0.62 0.70 bird 0.42 0.15 0.18 0.66 0.79 bird 0.35 0.39 0.42 0.66 0.76 
227,bird 0.48 0.42 0.45 0.37 0.44 bird 0.40 0.12 0.17 0.56 0.64 bird 0.57 0.27 0.31 0.53 0.65 bird 0.31 0.48 0.51 0.54 0.61 bird 0.38 0.65 0.69 0.53 0.60 bird 0.32 0.15 0.19 0.61 0.70 bird 0.41 0.35 0.38 0.61 0.70 bird 0.39 0.15 0.18 0.67 0.79 bird 0.40 0.39 0.42 0.66 0.77 
228,bird 0.49 0.43 0.45 0.37 0.44 bird 0.33 0.64 0.67 0.50 0.55 bird 0.57 0.27 0.31 0.52 0.65 bird 0.41 0.48 0.51 0.53 0.62 bird 0.39 0.65 0.69 0.52 0.61 bird 0.32 0.15 0.19 0.61 0.70 bird 0.42 0.35 0.38 0.61 0.70 bird 0.42 0.15 0.18 0.67 0.79 bird 0.41 0.34 0.37 0.66 0.76 bird 0.39 0.38 0.42 0.66 0.77 
229,bird 0.45 0.43 0.45 0.37 0.45 bird 0.30 0.64 0.67 0.50 0.55 bird 0.30 0.15 0.19 0.55 0.65 bird 0.55 0.27 0.31 0.53 0.65 bird 0.35 0.48 0.51 0.53 0.62 bird 0.41 0.65 0.69 0.53 0.61 bird 0.37 0.15 0.19 0.61 0.70 bird 0.37 0.35 0.38 0.61 0.70 bird 0.40 0.15 0.19 0.66 0.79 bird 0.36 0.34 0.37 0.66 0.77 
230,bird 0.45 0.42 0.45 0.37 0.45 bird 0.32 0.64 0.67 0.50 0.55 bird 0.42 0.14 0.19 0.55 0.65 bird 0.60 0.27 0.31 0.53 0.65 bird 0.35 0.48 0.51 0.53 0.62 bird 0.40 0.65 0.69 0.53 0.61 bird 0.38 0.15 0.19 0.61 0.70 bird 0.34 0.35 0.38 0.61 0.71 bird 0.46 0.15 0.18 0.65 0.79 bird 0.45 0.34 0.38 0.66 0.77 bird 0.32 0.39 0.42 0.66 0.77 
231,bird 0.47 0.43 0.45 0.37 0.45 bird 0.32 0.15 0.19 0.55 0.64 bird 0.58 0.27 0.31 0.53 0.65 bird 0.36 0.48 0.51 0.53 0.62 bird 0.44 0.65 0.69 0.53 0.62 bird 0.37 0.15 0.19 0.60 0.71 bird 0.36 0.00 0.07 0.63 0.82 bird 0.45 0.15 0.18 0.65 0.80 
232,bird 0.43 0.42 0.45 0.38 0.46 bird 0.57 0.27 0.31 0.54 0.65 bird 0.37 0.48 0.51 0.54 0.63 bird 0.41 0.65 0.69 0.53 0.62 bird 0.31 0.15 0.19 0.61 0.70 bird 0.31 0.35 0.38 0.61 0.69 bird 0.46 0.15 0.19 0.67 0.79 bird 0.31 0.34 0.38 0.66 0.77 
233,bird 0.41 0.43 0.45 0.38 0.46 bird 0.37 0.15 0.19 0.54 0.64 bird 0.57 0.27 0.31 0.54 0.65 bird 0.40 0.48 0.51 0.54 0.63 bird 0.44 0.65 0.69 0.53 0.63 bird 0.39 0.13 0.19 0.58 0.75 bird 0.34 0.34 0.37 0.61 0.70 bird 0.38 0.00 0.08 0.64 0.82 bird 0.45 0.15 0.19 0.66 0.79 
234,bird 0.40 0.42 0.45 0.38 0.46 bird 0.38 0.15 0.19 0.54 0.64 bird 0.56 0.27 0.32 0.54 0.65 bird 0.39 0.48 0.51 0.55 0.64 bird 0.42 0.66 0.69 0.53 0.63 bird 0.46 0.13 0.19 0.58 0.75 bird 0.31 0.49 0.52 0.58 0.67 bird 0.33 0.00 0.07 0.64 0.82 bird 0.41 0.15 0.19 0.67 0.79 bird 0.37 0.38 0.42 0.68 0.78 
235,bird 0.37 0.42 0.45 0.38 0.47 bird 0.57 0.42 0.53 0.20 0.67 bird 0.45 0.15 0.20 0.54 0.65 bird 0.61 0.28 0.32 0.54 0.66 bird 0.40 0.48 0.51 0.55 0.64 bird 0.42 0.65 0.69 0.53 0.64 bird 0.51 0.14 0.19 0.57 0.75 bird 0.37 0.35 0.38 0.61 0.69 bird 0.42 0.00 0.07 0.64 0.83 bird 0.42 0.15 0.19 0.66 0.79 bird 0.31 0.38 0.42 0.68 0.78 
236,bird 0.44 0.43 0.45 0.38 0.47 bird 0.43 0.15 0.20 0.55 0.65 bird 0.59 0.28 0.32 0.54 0.65 bird 0.44 0.48 0.51 0.55 0.64 bird 0.40 0.65 0.69 0.54 0.63 bird 0.48 0.14 0.19 0.58 0.75 bird 0.39 0.35 0.38 0.62 0.70 bird 0.42 0.00 0.08 0.64 0.82 bird 0.46 0.15 0.20 0.67 0.79 bird 0.35 0.39 0.42 0.67 0.77 
237,bird 0.38 0.43 0.45 0.39 0.46 bird 0.55 0.15 0.19 0.56 0.65 bird 0.56 0.28 0.32 0.54 0.65 bird 0.40 0.48 0.51 0.56 0.64 bird 0.45 0.65 0.69 0.54 0.64 bird 0.37 0.14 0.19 0.58 0.74 bird 0.37 0.00 0.08 0.64 0.82 bird 0.45 0.15 0.20 0.67 0.79 bird 0.31 0.39 0.42 0.68 0.78 
238,bird 0.44 0.16 0.20 0.55 0.65 bird 0.52 0.28 0.32 0.54 0.65 bird 0.42 0.65 0.69 0.54 0.64 bird 0.48 0.13 0.19 0.58 0.74 bird 0.40 0.49 0.52 0.58 0.67 bird 0.31 -0.00 0.07 0.64 0.83 bird 0.46 0.15 0.20 0.67 0.78 
239,bird 0.36 0.43 0.45 0.38 0.47 bird 0.48 0.15 0.20 0.55 0.65 bird 0.54 0.28 0.32 0.54 0.66 bird 0.41 0.48 0.51 0.55 0.64 bird 0.40 0.65 0.69 0.54 0.64 bird 0.45 0.14 0.19 0.58 0.74 bird 0.41 0.49 0.52 0.58 0.67 bird 0.37 -0.00 0.07 0.64 0.82 bird 0.49 0.15 0.20 0.66 0.79 
240,bird 0.33 0.42 0.45 0.39 0.47 bird 0.50 0.15 0.20 0.55 0.65 bird 0.52 0.28 0.32 0.54 0.66 bird 0.35 0.65 0.69 0.55 0.63 bird 0.41 0.49 0.52 0.59 0.67 bird 0.38 0.66 0.70 0.59 0.67 bird 0.44 0.00 0.08 0.65 0.81 bird 0.47 0.16 0.20 0.67 0.78 
241,bird 0.36 0.42 0.45 0.39 0.47 bird 0.45 0.15 0.20 0.56 0.65 bird 0.52 0.28 0.32 0.54 0.66 bird 0.32 0.65 0.69 0.55 0.64 bird 0.56 0.13 0.19 0.58 0.75 bird 0.40 0.49 0.52 0.58 0.67 bird 0.44 0.66 0.71 0.58 0.68 bird 0.54 0.00 0.08 0.65 0.81 bird 0.46 0.16 0.20 0.66 0.78 bird 0.30 0.35 0.38 0.67 0.77 
242,bird 0.36 0.42 0.45 0.39 0.47 bird 0.36 0.16 0.20 0.56 0.63 bird 0.43 0.28 0.32 0.55 0.64 bird 0.36 0.30 0.34 0.55 0.63 bird 0.38 0.65 0.69 0.55 0.63 bird 0.53 0.13 0.20 0.58 0.74 bird 0.34 0.49 0.52 0.58 0.67 bird 0.38 0.66 0.70 0.59 0.67 bird 0.53 0.00 0.08 0.65 0.82 bird 0.34 0.16 0.20 0.67 0.78 
243,bird 0.39 0.42 0.45 0.40 0.47 bird 0.40 0.16 0.20 0.56 0.63 bird 0.42 0.30 0.33 0.54 0.63 bird 0.38 0.65 0.69 0.55 0.64 bird 0.40 0.15 0.20 0.60 0.70 bird 0.44 0.49 0.52 0.58 0.68 bird 0.35 0.66 0.70 0.59 0.68 bird 0.55 0.00 0.08 0.65 0.81 bird 0.52 0.14 0.20 0.63 0.80 
244,bird 0.37 0.42 0.45 0.40 0.48 bird 0.42 0.16 0.20 0.56 0.63 bird 0.48 0.30 0.34 0.54 0.63 bird 0.36 0.65 0.69 0.56 0.64 bird 0.49 0.14 0.20 0.58 0.75 bird 0.30 0.66 0.70 0.60 0.68 bird 0.48 0.00 0.08 0.65 0.82 
245,bird 0.37 0.42 0.45 0.40 0.48 bird 0.42 0.16 0.21 0.56 0.63 bird 0.45 0.30 0.34 0.54 0.63 bird 0.32 0.48 0.52 0.56 0.64 bird 0.33 0.65 0.69 0.56 0.64 bird 0.51 0.14 0.20 0.58 0.74 bird 0.37 0.66 0.70 0.59 0.68 bird 0.51 0.01 0.08 0.65 0.81 
246,bird 0.44 0.43 0.45 0.39 0.48 bird 0.39 0.16 0.21 0.56 0.64 bird 0.50 0.30 0.34 0.54 0.64 bird 0.35 0.48 0.52 0.55 0.64 bird 0.52 0.14 0.20 0.58 0.75 bird 0.46 0.66 0.71 0.59 0.68 bird 0.56 0.01 0.09 0.66 0.80 bird 0.34 0.35 0.39 0.67 0.78 
247,bird 0.47 0.43 0.45 0.40 0.48 bird 0.43 0.16 0.21 0.55 0.64 bird 0.45 0.30 0.35 0.54 0.64 bird 0.35 0.48 0.52 0.56 0.64 bird 0.32 0.65 0.69 0.56 0.64 bird 0.50 0.15 0.21 0.57 0.75 bird 0.45 0.66 0.70 0.60 0.68 bird 0.51 0.01 0.09 0.66 0.80 
248,bird 0.52 0.43 0.46 0.40 0.49 bird 0.47 0.16 0.21 0.56 0.64 bird 0.46 0.30 0.35 0.54 0.63 bird 0.36 0.48 0.51 0.55 0.64 bird 0.52 0.14 0.21 0.58 0.74 bird 0.39 0.49 0.52 0.58 0.69 bird 0.46 0.67 0.70 0.60 0.68 bird 0.54 0.01 0.09 0.67 0.80 bird 0.31 0.17 0.21 0.67 0.78 
249,bird 0.48 0.43 0.45 0.40 0.49 bird 0.52 0.16 0.21 0.56 0.64 bird 0.48 0.30 0.35 0.54 0.64 bird 0.53 0.14 0.21 0.58 0.74 bird 0.39 0.49 0.52 0.58 0.69 bird 0.40 0.66 0.70 0.60 0.68 bird 0.52 0.01 0.09 0.66 0.82 bird 0.35 0.17 0.21 0.67 0.78 
250,bird 0.31 0.45 0.47 0.25 0.31 bird 0.50 0.43 0.46 0.40 0.49 bird 0.48 0.16 0.21 0.56 0.64 bird 0.42 0.31 0.35 0.54 0.64 bird 0.32 0.65 0.69 0.57 0.64 bird 0.40 0.14 0.21 0.59 0.73 bird 0.40 0.49 0.52 0.58 0.69 bird 0.41 0.66 0.70 0.61 0.68 bird 0.56 0.01 0.09 0.66 0.82 bird 0.40 0.17 0.22 0.67 0.78 bird 0.38 0.35 0.39 0.68 0.77 
251,bird 0.51 0.43 0.45 0.40 0.48 bird 0.51 0.16 0.21 0.56 0.64 bird 0.46 0.30 0.35 0.54 0.65 bird 0.38 0.65 0.69 0.57 0.65 bird 0.46 0.15 0.21 0.58 0.73 bird 0.46 0.50 0.53 0.58 0.70 bird 0.45 0.66 0.70 0.60 0.69 bird 0.56 0.01 0.09 0.67 0.81 bird 0.43 0.18 0.22 0.67 0.78 
252,bird 0.49 0.43 0.46 0.40 0.49 bird 0.45 0.17 0.21 0.56 0.64 bird 0.48 0.31 0.35 0.54 0.64 bird 0.35 0.49 0.52 0.56 0.64 bird 0.42 0.15 0.22 0.58 0.73 bird 0.43 0.50 0.52 0.59 0.69 bird 0.41 0.66 0.70 0.60 0.69 bird 0.52 0.01 0.09 0.67 0.82 bird 0.39 0.18 0.22 0.66 0.78 bird 0.32 0.35 0.39 0.68 0.77 
253,bird 0.46 0.43 0.46 0.40 0.48 bird 0.44 0.17 0.21 0.56 0.64 bird 0.46 0.31 0.35 0.54 0.64 bird 0.30 0.31 0.35 0.59 0.69 bird 0.37 0.50 0.52 0.59 0.69 bird 0.41 0.66 0.70 0.60 0.69 bird 0.57 0.01 0.09 0.68 0.82 bird 0.45 0.16 0.22 0.62 0.82 
254,bird 0.36 0.43 0.45 0.41 0.48 bird 0.41 0.17 0.21 0.56 0.64 bird 0.48 0.31 0.35 0.55 0.64 bird 0.31 0.49 0.52 0.56 0.63 bird 0.36 0.66 0.70 0.60 0.69 bird 0.50 0.01 0.10 0.69 0.81 bird 0.41 0.16 0.23 0.63 0.83 
255,bird 0.38 0.43 0.45 0.42 0.48 bird 0.48 0.17 0.22 0.56 0.64 bird 0.45 0.31 0.35 0.55 0.64 bird 0.42 0.16 0.24 0.58 0.74 bird 0.33 0.50 0.52 0.61 0.69 bird 0.44 0.66 0.70 0.60 0.70 bird 0.40 0.02 0.10 0.68 0.81 bird 0.48 0.18 0.23 0.68 0.78 bird 0.31 0.35 0.39 0.68 0.77 
256,bird 0.34 0.43 0.46 0.41 0.48 bird 0.56 0.17 0.23 0.55 0.65 bird 0.54 0.31 0.35 0.55 0.64 bird 0.33 0.17 0.24 0.58 0.73 bird 0.38 0.50 0.53 0.60 0.69 bird 0.44 0.66 0.70 0.61 0.70 bird 0.40 0.18 0.23 0.67 0.78 bird 0.45 0.00 0.09 0.69 0.93 
257,bird 0.49 0.18 0.23 0.55 0.64 bird 0.50 0.31 0.35 0.55 0.63 bird 0.33 0.17 0.24 0.58 0.74 bird 0.34 0.49 0.52 0.60 0.69 bird 0.44 0.66 0.70 0.61 0.70 bird 0.45 0.19 0.23 0.67 0.78 bird 0.37 0.00 0.10 0.69 0.93 
258,bird 0.32 0.43 0.46 0.41 0.48 bird 0.55 0.18 0.23 0.55 0.64 bird 0.51 0.32 0.36 0.55 0.64 bird 0.30 0.32 0.35 0.60 0.69 bird 0.38 0.50 0.53 0.61 0.69 bird 0.42 0.66 0.70 0.61 0.71 bird 0.46 0.19 0.23 0.67 0.79 bird 0.44 0.00 0.10 0.69 0.93 
259,bird 0.61 0.18 0.23 0.55 0.65 bird 0.47 0.32 0.35 0.55 0.64 bird 0.31 0.18 0.23 0.60 0.69 bird 0.38 0.32 0.35 0.59 0.69 bird 0.36 0.50 0.52 0.61 0.70 bird 0.43 0.66 0.70 0.61 0.72 bird 0.44 0.19 0.24 0.67 0.79 bird 0.41 0.68 0.72 0.65 0.75 bird 0.44 0.00 0.10 0.70 0.92 
260,bird 0.33 0.43 0.46 0.41 0.48 bird 0.59 0.18 0.23 0.54 0.64 bird 0.46 0.32 0.36 0.55 0.64 bird 0.35 0.32 0.35 0.60 0.68 bird 0.38 0.50 0.53 0.60 0.70 bird 0.43 0.66 0.70 0.61 0.73 bird 0.46 0.19 0.24 0.68 0.78 bird 0.39 0.68 0.71 0.65 0.75 bird 0.44 0.00 0.10 0.71 0.92 
261,bird 0.43 0.43 0.46 0.41 0.49 bird 0.61 0.19 0.24 0.54 0.66 bird 0.48 0.32 0.36 0.55 0.64 bird 0.34 0.33 0.36 0.60 0.68 bird 0.34 0.50 0.53 0.60 0.70 bird 0.36 0.66 0.70 0.61 0.72 bird 0.40 0.20 0.23 0.68 0.79 bird 0.34 0.68 0.72 0.66 0.74 bird 0.48 0.00 0.11 0.70 0.92 
262,bird 0.44 0.43 0.46 0.41 0.49 bird 0.69 0.19 0.24 0.53 0.66 bird 0.48 0.32 0.36 0.56 0.64 bird 0.39 0.50 0.53 0.60 0.70 bird 0.46 0.19 0.24 0.69 0.79 bird 0.38 0.68 0.72 0.66 0.74 bird 0.48 0.00 0.11 0.71 0.92 
263,bird 0.42 0.43 0.46 0.41 0.48 bird 0.52 0.19 0.24 0.54 0.64 bird 0.49 0.32 0.36 0.55 0.64 bird 0.32 0.19 0.23 0.60 0.69 bird 0.39 0.50 0.53 0.60 0.70 bird 0.44 0.20 0.24 0.68 0.78 bird 0.40 0.68 0.72 0.66 0.75 bird 0.53 0.00 0.11 0.71 0.93 
264,bird 0.39 0.43 0.46 0.44 0.53 bird 0.52 0.19 0.24 0.54 0.65 bird 0.50 0.33 0.36 0.54 0.65 bird 0.39 0.51 0.53 0.61 0.70 bird 0.46 0.20 0.24 0.68 0.79 bird 0.43 0.01 0.12 0.72 0.92 
265,bird 0.33 0.43 0.46 0.44 0.52 bird 0.52 0.20 0.24 0.54 0.65 bird 0.48 0.33 0.36 0.54 0.65 bird 0.31 0.50 0.52 0.56 0.65 bird 0.43 0.51 0.53 0.60 0.71 bird 0.32 0.65 0.69 0.62 0.72 
266,bird 0.40 0.43 0.46 0.44 0.53 bird 0.45 0.32 0.36 0.54 0.65 bird 0.37 0.50 0.52 0.56 0.65 bird 0.51 0.19 0.24 0.55 0.77 bird 0.35 0.51 0.53 0.59 0.70 bird 0.33 0.66 0.70 0.62 0.72 bird 0.32 0.02 0.12 0.71 0.92 
267,bird 0.47 0.43 0.47 0.43 0.53 bird 0.54 0.19 0.25 0.53 0.64 bird 0.32 0.22 0.26 0.54 0.63 bird 0.47 0.33 0.36 0.55 0.65 bird 0.30 0.50 0.52 0.56 0.64 bird 0.33 0.51 0.53 0.60 0.69 bird 0.34 0.66 0.70 0.62 0.71 bird 0.31 0.20 0.24 0.67 0.78 bird 0.46 0.01 0.12 0.71 0.93 
268,bird 0.36 0.44 0.50 0.27 0.46 bird 0.36 0.43 0.47 0.44 0.53 bird 0.58 0.20 0.25 0.54 0.65 bird 0.43 0.33 0.36 0.59 0.69 bird 0.37 0.51 0.53 0.60 0.69 bird 0.33 0.66 0.70 0.62 0.72 bird 0.36 0.01 0.12 0.72 0.93 
269,bird 0.43 0.44 0.50 0.27 0.46 bird 0.43 0.43 0.47 0.44 0.52 bird 0.55 0.20 0.25 0.54 0.65 bird 0.47 0.33 0.36 0.59 0.68 bird 0.37 0.51 0.53 0.60 0.69 bird 0.41 0.20 0.24 0.68 0.79 bird 0.36 0.66 0.71 0.65 0.76 bird 0.32 0.01 0.13 0.72 0.93 
270,bird 0.45 0.44 0.50 0.27 0.46 bird 0.45 0.43 0.47 0.43 0.52 bird 0.54 0.20 0.25 0.54 0.65 bird 0.48 0.33 0.37 0.55 0.65 bird 0.37 0.20 0.24 0.59 0.69 bird 0.36 0.51 0.53 0.59 0.70 bird 0.31 0.21 0.24 0.68 0.78 bird 0.39 0.66 0.71 0.65 0.76 
271,bird 0.43 0.44 0.50 0.27 0.46 bird 0.52 0.43 0.47 0.43 0.52 bird 0.55 0.20 0.25 0.54 0.65 bird 0.53 0.33 0.37 0.54 0.66 bird 0.43 0.51 0.53 0.59 0.69 bird 0.43 0.66 0.70 0.66 0.75 
272,bird 0.37 0.44 0.50 0.27 0.46 bird 0.50 0.43 0.47 0.43 0.53 bird 0.41 0.22 0.26 0.54 0.65 bird 0.52 0.33 0.37 0.54 0.66 bird 0.32 0.19 0.25 0.55 0.75 bird 0.37 0.50 0.53 0.60 0.68 bird 0.31 0.66 0.70 0.67 0.75 bird 0.32 0.01 0.12 0.75 0.99 
273,bird 0.40 0.44 0.51 0.27 0.46 bird 0.49 0.43 0.47 0.43 0.52 bird 0.37 0.20 0.24 0.54 0.64 bird 0.39 0.23 0.26 0.53 0.63 bird 0.50 0.34 0.37 0.54 0.65 bird 0.33 0.33 0.37 0.60 0.70 bird 0.38 0.67 0.72 0.67 0.76 bird 0.44 0.01 0.12 0.75 0.98 
274,bird 0.33 0.44 0.51 0.28 0.46 bird 0.53 0.43 0.47 0.43 0.53 bird 0.36 0.20 0.24 0.53 0.64 bird 0.40 0.22 0.26 0.52 0.63 bird 0.55 0.33 0.37 0.54 0.65 bird 0.31 0.33 0.37 0.60 0.70 bird 0.35 0.50 0.53 0.60 0.68 bird 0.45 0.67 0.72 0.67 0.77 bird 0.47 0.01 0.12 0.75 0.99 
275,bird 0.55 0.43 0.47 0.43 0.52 bird 0.36 0.20 0.24 0.53 0.64 bird 0.49 0.22 0.26 0.52 0.64 bird 0.58 0.34 0.37 0.54 0.64 bird 0.40 0.34 0.37 0.59 0.70 bird 0.39 0.50 0.53 0.60 0.68 bird 0.44 0.67 0.70 0.67 0.76 bird 0.52 0.01 0.13 0.76 0.97 
276,bird 0.61 0.43 0.46 0.42 0.53 bird 0.54 0.22 0.26 0.52 0.65 bird 0.60 0.34 0.38 0.53 0.66 bird 0.43 0.50 0.53 0.59 0.69 bird 0.44 0.67 0.71 0.67 0.76 bird 0.57 0.01 0.13 0.76 0.98 bird 0.32 0.38 0.45 0.75 0.97 
277,bird 0.54 0.43 0.46 0.43 0.52 bird 0.55 0.22 0.26 0.53 0.64 bird 0.54 0.34 0.38 0.54 0.65 bird 0.44 0.50 0.53 0.59 0.69 bird 0.35 0.23 0.26 0.66 0.79 bird 0.44 0.67 0.71 0.66 0.77 bird 0.54 0.00 0.13 0.76 0.99 
278,bird 0.55 0.43 0.47 0.43 0.53 bird 0.53 0.22 0.26 0.52 0.64 bird 0.58 0.34 0.38 0.54 0.65 bird 0.39 0.50 0.52 0.59 0.68 bird 0.36 0.66 0.70 0.67 0.77 
279,bird 0.47 0.43 0.46 0.43 0.53 bird 0.54 0.22 0.26 0.52 0.64 bird 0.63 0.34 0.38 0.53 0.65 bird 0.36 0.50 0.53 0.60 0.69 bird 0.35 0.68 0.72 0.69 0.79 bird 0.37 0.01 0.13 0.77 0.98 
280,bird 0.41 0.43 0.47 0.44 0.53 bird 0.55 0.22 0.26 0.52 0.64 bird 0.63 0.34 0.37 0.54 0.64 bird 0.35 0.35 0.38 0.60 0.71 bird 0.33 0.50 0.53 0.60 0.69 bird 0.37 0.23 0.26 0.66 0.79 bird 0.38 0.68 0.72 0.69 0.77 bird 0.43 0.01 0.13 0.77 0.98 
281,bird 0.33 0.43 0.46 0.45 0.52 bird 0.49 0.22 0.26 0.52 0.62 bird 0.57 0.34 0.37 0.54 0.64 bird 0.33 0.51 0.53 0.61 0.69 bird 0.33 0.23 0.26 0.67 0.79 bird 0.39 0.68 0.72 0.69 0.77 bird 0.40 0.01 0.12 0.78 0.99 
282,bird 0.36 0.43 0.46 0.44 0.53 bird 0.44 0.23 0.26 0.52 0.63 bird 0.55 0.35 0.38 0.55 0.64 bird 0.31 0.35 0.38 0.59 0.70 bird 0.34 0.23 0.26 0.67 0.78 bird 0.36 0.66 0.70 0.68 0.77 bird 0.34 0.01 0.12 0.77 0.99 
283,bird 0.33 0.44 0.46 0.46 0.53 bird 0.41 0.23 0.26 0.52 0.62 bird 0.50 0.35 0.38 0.55 0.64 bird 0.31 0.51 0.54 0.60 0.68 bird 0.39 0.23 0.26 0.66 0.79 bird 0.37 0.67 0.72 0.69 0.78 bird 0.39 0.01 0.13 0.77 0.99 
284,bird 0.36 0.43 0.46 0.46 0.53 bird 0.32 0.23 0.26 0.52 0.62 bird 0.47 0.35 0.37 0.55 0.64 bird 0.34 0.35 0.38 0.60 0.70 bird 0.36 0.51 0.54 0.60 0.69 bird 0.48 0.23 0.26 0.66 0.78 bird 0.39 0.68 0.72 0.69 0.79 
285,bird 0.33 0.44 0.46 0.46 0.53 bird 0.30 0.23 0.26 0.52 0.63 bird 0.51 0.35 0.38 0.54 0.65 bird 0.36 0.22 0.27 0.50 0.79 bird 0.34 0.52 0.54 0.60 0.70 bird 0.40 0.23 0.26 0.66 0.78 bird 0.41 0.68 0.72 0.69 0.79 
286,bird 0.40 0.44 0.46 0.46 0.54 bird 0.31 0.23 0.26 0.52 0.62 bird 0.53 0.35 0.38 0.54 0.65 bird 0.35 0.52 0.54 0.60 0.70 bird 0.34 0.23 0.26 0.67 0.78 bird 0.33 0.67 0.70 0.69 0.78 bird 0.40 0.02 0.14 0.77 0.97 
287,bird 0.43 0.44 0.46 0.46 0.54 bird 0.36 0.23 0.26 0.52 0.62 bird 0.49 0.35 0.37 0.55 0.64 bird 0.42 0.23 0.26 0.67 0.78 bird 0.38 0.68 0.72 0.69 0.79 bird 0.33 0.02 0.15 0.77 0.99 
288,bird 0.40 0.44 0.46 0.46 0.54 bird 0.37 0.22 0.26 0.51 0.62 bird 0.53 0.35 0.38 0.54 0.65 bird 0.32 0.51 0.53 0.60 0.70 bird 0.41 0.23 0.26 0.67 0.77 bird 0.37 0.68 0.72 0.70 0.78 bird 0.32 0.02 0.15 0.77 0.99 
289,bird 0.37 0.44 0.46 0.45 0.53 bird 0.42 0.22 0.26 0.51 0.62 bird 0.54 0.35 0.38 0.54 0.65 bird 0.33 0.51 0.54 0.60 0.70 bird 0.35 0.23 0.26 0.67 0.78 bird 0.45 0.68 0.72 0.69 0.78 bird 0.39 0.02 0.15 0.78 0.98 
290,bird 0.37 0.44 0.46 0.45 0.54 bird 0.39 0.22 0.26 0.51 0.62 bird 0.54 0.35 0.38 0.54 0.65 bird 0.34 0.22 0.27 0.52 0.78 bird 0.35 0.52 0.54 0.60 0.70 bird 0.46 0.23 0.26 0.66 0.78 bird 0.38 0.68 0.72 0.70 0.78 bird 0.36 0.02 0.16 0.78 0.99 
291,bird 0.39 0.44 0.47 0.45 0.53 bird 0.47 0.22 0.26 0.51 0.62 bird 0.55 0.35 0.38 0.54 0.65 bird 0.32 0.51 0.53 0.60 0.69 bird 0.47 0.23 0.26 0.67 0.78 bird 0.40 0.68 0.72 0.70 0.78 bird 0.39 0.03 0.17 0.78 0.98 
292,bird 0.32 0.44 0.50 0.30 0.56 bird 0.41 0.43 0.46 0.45 0.54 bird 0.50 0.22 0.27 0.50 0.62 bird 0.56 0.35 0.38 0.54 0.65 bird 0.39 0.52 0.54 0.60 0.69 bird 0.38 0.23 0.26 0.67 0.77 bird 0.48 0.68 0.72 0.70 0.78 
293,bird 0.39 0.44 0.46 0.46 0.54 bird 0.53 0.22 0.27 0.50 0.61 bird 0.50 0.35 0.38 0.55 0.65 bird 0.35 0.52 0.54 0.60 0.68 bird 0.30 0.23 0.26 0.67 0.77 bird 0.52 0.68 0.72 0.70 0.78 
294,bird 0.38 0.46 0.48 0.32 0.40 bird 0.41 0.44 0.46 0.46 0.53 bird 0.49 0.22 0.27 0.51 0.62 bird 0.48 0.35 0.38 0.55 0.65 bird 0.39 0.52 0.54 0.60 0.69 bird 0.48 0.68 0.72 0.70 0.78 
295,bird 0.36 0.46 0.48 0.32 0.40 bird 0.39 0.44 0.46 0.46 0.54 bird 0.50 0.22 0.27 0.50 0.62 bird 0.49 0.35 0.38 0.55 0.65 bird 0.46 0.52 0.54 0.59 0.70 bird 0.33 0.23 0.26 0.67 0.76 bird 0.40 0.68 0.72 0.70 0.79 
296,bird 0.33 0.46 0.48 0.32 0.40 bird 0.59 0.23 0.27 0.46 0.58 bird 0.42 0.43 0.46 0.45 0.54 bird 0.53 0.35 0.38 0.54 0.65 bird 0.31 0.22 0.27 0.53 0.77 bird 0.49 0.52 0.54 0.59 0.70 bird 0.40 0.23 0.26 0.66 0.77 bird 0.45 0.68 0.72 0.70 0.80 
297,bird 0.63 0.23 0.27 0.46 0.57 bird 0.45 0.44 0.46 0.45 0.55 bird 0.50 0.35 0.38 0.53 0.65 bird 0.47 0.52 0.54 0.59 0.70 bird 0.33 0.23 0.26 0.66 0.76 bird 0.41 0.68 0.72 0.70 0.80 bird 0.51 0.04 0.16 0.79 0.98 
298,bird 0.66 0.23 0.27 0.45 0.57 bird 0.44 0.43 0.46 0.46 0.55 bird 0.52 0.35 0.38 0.53 0.66 bird 0.37 0.24 0.27 0.61 0.72 bird 0.44 0.52 0.54 0.59 0.70 bird 0.32 0.68 0.72 0.71 0.79 bird 0.55 0.05 0.17 0.80 0.97 
299,bird 0.62 0.23 0.27 0.45 0.56 bird 0.38 0.44 0.46 0.46 0.55 bird 0.49 0.23 0.27 0.51 0.62 bird 0.53 0.35 0.38 0.53 0.65 bird 0.37 0.52 0.54 0.59 0.70 bird 0.36 0.24 0.27 0.66 0.75 bird 0.42 0.68 0.72 0.71 0.80 bird 0.43 0.05 0.16 0.79 0.98 
300,bird 0.62 0.23 0.27 0.45 0.57 bird 0.33 0.44 0.46 0.46 0.55 bird 0.50 0.35 0.38 0.53 0.64 bird 0.43 0.24 0.27 0.66 0.75 bird 0.35 0.68 0.72 0.71 0.79 bird 0.48 0.05 0.17 0.80 0.98 
301,bird 0.57 0.23 0.27 0.46 0.57 bird 0.36 0.43 0.46 0.46 0.55 bird 0.47 0.36 0.38 0.53 0.65 bird 0.47 0.23 0.27 0.65 0.76 bird 0.39 0.68 0.72 0.73 0.84 bird 0.59 0.05 0.16 0.79 0.99 
302,bird 0.57 0.24 0.27 0.45 0.57 bird 0.40 0.43 0.46 0.46 0.55 bird 0.44 0.36 0.38 0.53 0.65 bird 0.43 0.23 0.26 0.62 0.73 bird 0.42 0.68 0.72 0.73 0.85 bird 0.64 0.06 0.16 0.79 0.98 
303,bird 0.31 0.45 0.50 0.32 0.56 bird 0.59 0.23 0.27 0.45 0.57 bird 0.44 0.44 0.46 0.46 0.56 bird 0.48 0.36 0.38 0.52 0.65 bird 0.31 0.51 0.53 0.54 0.64 bird 0.42 0.23 0.26 0.62 0.72 bird 0.35 0.52 0.54 0.58 0.69 bird 0.41 0.68 0.72 0.73 0.85 bird 0.38 0.06 0.15 0.80 0.98 
304,bird 0.54 0.24 0.27 0.46 0.57 bird 0.41 0.44 0.46 0.46 0.56 bird 0.41 0.36 0.38 0.52 0.65 bird 0.42 0.23 0.26 0.62 0.72 bird 0.39 0.52 0.54 0.58 0.69 bird 0.34 0.68 0.72 0.74 0.84 bird 0.51 0.06 0.16 0.80 0.98 
305,bird 0.53 0.23 0.27 0.45 0.57 bird 0.39 0.44 0.46 0.46 0.56 bird 0.42 0.36 0.38 0.52 0.66 bird 0.47 0.23 0.26 0.62 0.72 bird 0.35 0.52 0.54 0.58 0.68 bird 0.54 0.07 0.16 0.80 0.98 
306,bird 0.59 0.23 0.27 0.44 0.58 bird 0.38 0.44 0.47 0.46 0.56 bird 0.49 0.36 0.38 0.52 0.66 bird 0.50 0.24 0.27 0.61 0.72 bird 0.37 0.07 0.16 0.80 0.98 
307,bird 0.53 0.23 0.26 0.44 0.58 bird 0.40 0.44 0.46 0.46 0.57 bird 0.49 0.36 0.38 0.52 0.65 bird 0.44 0.24 0.27 0.60 0.72 bird 0.31 0.52 0.54 0.58 0.68 
308,bird 0.32 0.46 0.49 0.33 0.39 bird 0.50 0.23 0.27 0.44 0.57 bird 0.45 0.44 0.46 0.46 0.57 bird 0.46 0.36 0.38 0.52 0.64 bird 0.45 0.24 0.27 0.60 0.72 
309,bird 0.39 0.46 0.49 0.33 0.39 bird 0.51 0.23 0.27 0.45 0.57 bird 0.48 0.44 0.46 0.46 0.56 bird 0.31 0.21 0.23 0.51 0.60 bird 0.45 0.35 0.38 0.53 0.64 bird 0.43 0.24 0.27 0.60 0.71 bird 0.33 0.36 0.39 0.57 0.71 bird 0.34 0.52 0.54 0.58 0.67 
310,bird 0.40 0.46 0.49 0.33 0.39 bird 0.57 0.23 0.27 0.44 0.57 bird 0.47 0.44 0.46 0.46 0.56 bird 0.44 0.36 0.38 0.53 0.64 bird 0.35 0.51 0.54 0.54 0.63 bird 0.48 0.24 0.27 0.59 0.71 bird 0.34 0.36 0.39 0.57 0.71 bird 0.35 0.52 0.54 0.58 0.67 
311,bird 0.44 0.46 0.49 0.32 0.40 bird 0.31 0.47 0.50 0.35 0.46 bird 0.44 0.23 0.27 0.44 0.56 bird 0.42 0.44 0.47 0.46 0.56 bird 0.35 0.36 0.38 0.54 0.63 bird 0.44 0.24 0.27 0.60 0.70 bird 0.32 0.37 0.39 0.56 0.71 bird 0.39 0.52 0.54 0.58 0.67 
312,bird 0.39 0.46 0.49 0.33 0.40 bird 0.30 0.47 0.50 0.36 0.47 bird 0.44 0.24 0.27 0.45 0.56 bird 0.46 0.44 0.47 0.46 0.56 bird 0.39 0.36 0.38 0.53 0.64 bird 0.48 0.25 0.28 0.60 0.71 bird 0.33 0.37 0.39 0.56 0.70 bird 0.37 0.52 0.54 0.58 0.67 
313,bird 0.39 0.46 0.49 0.33 0.40 bird 0.40 0.23 0.27 0.44 0.56 bird 0.43 0.44 0.47 0.46 0.56 bird 0.30 0.22 0.27 0.46 0.69 bird 0.38 0.35 0.38 0.54 0.63 bird 0.47 0.25 0.28 0.59 0.70 bird 0.32 0.36 0.38 0.58 0.69 bird 0.48 0.52 0.54 0.58 0.67 
314,bird 0.39 0.46 0.48 0.33 0.40 bird 0.37 0.24 0.27 0.45 0.55 bird 0.40 0.44 0.47 0.46 0.56 bird 0.40 0.35 0.38 0.54 0.63 bird 0.48 0.25 0.28 0.59 0.70 bird 0.34 0.36 0.38 0.58 0.69 bird 0.41 0.52 0.54 0.59 0.67 bird 0.31 0.08 0.15 0.80 0.99 
315,bird 0.32 0.46 0.48 0.33 0.39 bird 0.34 0.24 0.27 0.45 0.55 bird 0.36 0.44 0.46 0.47 0.55 bird 0.43 0.35 0.38 0.53 0.63 bird 0.47 0.25 0.28 0.60 0.70 bird 0.44 0.52 0.54 0.59 0.67 
316,bird 0.38 0.24 0.27 0.44 0.55 bird 0.34 0.44 0.47 0.46 0.55 bird 0.33 0.22 0.27 0.46 0.69 bird 0.46 0.36 0.38 0.52 0.65 bird 0.49 0.25 0.28 0.58 0.70 bird 0.50 0.52 0.54 0.58 0.68 
317,bird 0.36 0.23 0.27 0.44 0.55 bird 0.34 0.44 0.47 0.46 0.56 bird 0.31 0.22 0.27 0.46 0.69 bird 0.39 0.35 0.38 0.52 0.64 bird 0.51 0.25 0.28 0.59 0.70 bird 0.37 0.51 0.54 0.58 0.68 
318,bird 0.37 0.24 0.27 0.45 0.55 bird 0.34 0.44 0.47 0.46 0.55 bird 0.43 0.36 0.39 0.52 0.63 bird 0.56 0.25 0.28 0.59 0.70 
319,bird 0.33 0.46 0.49 0.33 0.40 bird 0.33 0.44 0.47 0.46 0.55 bird 0.36 0.36 0.38 0.53 0.62 bird 0.52 0.25 0.28 0.59 0.70 bird 0.32 0.08 0.15 0.81 0.99 
320,bird 0.33 0.24 0.27 0.41 0.49 bird 0.32 0.24 0.28 0.45 0.53 bird 0.33 0.44 0.46 0.46 0.56 bird 0.36 0.36 0.38 0.53 0.62 bird 0.52 0.26 0.28 0.58 0.70 bird 0.44 0.09 0.16 0.81 0.99 
321,bird 0.47 0.24 0.27 0.41 0.49 bird 0.34 0.44 0.46 0.47 0.56 bird 0.36 0.36 0.38 0.53 0.62 bird 0.49 0.26 0.28 0.58 0.69 bird 0.41 0.09 0.16 0.81 0.98 
322,bird 0.53 0.24 0.27 0.40 0.49 bird 0.39 0.36 0.38 0.52 0.63 bird 0.43 0.26 0.29 0.59 0.69 bird 0.52 0.09 0.16 0.81 0.98 
323,bird 0.53 0.24 0.27 0.40 0.50 bird 0.30 0.44 0.47 0.46 0.57 bird 0.42 0.36 0.39 0.52 0.63 bird 0.48 0.26 0.29 0.58 0.70 bird 0.57 0.10 0.16 0.81 0.99 
324,bird 0.59 0.24 0.27 0.40 0.50 bird 0.31 0.44 0.46 0.46 0.57 bird 0.43 0.36 0.39 0.51 0.63 bird 0.53 0.26 0.29 0.57 0.69 bird 0.54 0.10 0.16 0.81 0.99 
325,bird 0.57 0.24 0.28 0.39 0.50 bird 0.33 0.23 0.29 0.44 0.71 bird 0.51 0.37 0.39 0.50 0.64 bird 0.51 0.26 0.29 0.56 0.70 bird 0.34 0.52 0.54 0.56 0.70 bird 0.56 0.10 0.16 0.81 0.99 
326,bird 0.45 0.24 0.27 0.39 0.50 bird 0.37 0.36 0.39 0.52 0.62 bird 0.37 0.27 0.30 0.57 0.69 bird 0.55 0.10 0.16 0.81 0.99 
327,bird 0.60 0.24 0.28 0.39 0.50 bird 0.35 0.44 0.47 0.46 0.57 bird 0.43 0.36 0.39 0.52 0.62 bird 0.30 0.51 0.54 0.52 0.63 bird 0.50 0.27 0.30 0.57 0.70 bird 0.54 0.09 0.16 0.81 0.98 
328,bird 0.63 0.24 0.28 0.39 0.50 bird 0.43 0.36 0.39 0.51 0.62 bird 0.45 0.27 0.30 0.56 0.70 bird 0.48 0.08 0.16 0.82 0.98 
329,bird 0.54 0.24 0.27 0.39 0.50 bird 0.43 0.36 0.39 0.52 0.61 bird 0.47 0.27 0.30 0.56 0.70 bird 0.43 0.07 0.16 0.82 0.99 
330,bird 0.50 0.24 0.28 0.39 0.49 bird 0.31 0.22 0.28 0.39 0.62 bird 0.34 0.36 0.39 0.52 0.60 bird 0.49 0.27 0.30 0.56 0.70 bird 0.41 0.08 0.16 0.82 0.99 
331,bird 0.49 0.24 0.27 0.39 0.49 bird 0.32 0.36 0.38 0.52 0.60 bird 0.46 0.27 0.30 0.56 0.70 bird 0.39 0.09 0.16 0.82 0.99 
332,bird 0.59 0.24 0.28 0.38 0.49 bird 0.46 0.27 0.30 0.56 0.70 bird 0.41 0.09 0.16 0.82 0.99 
333,bird 0.58 0.24 0.28 0.38 0.50 bird 0.40 0.27 0.30 0.57 0.69 bird 0.38 0.09 0.16 0.82 0.99 
334,bird 0.60 0.24 0.28 0.38 0.50 bird 0.33 0.46 0.49 0.35 0.46 bird 0.41 0.27 0.30 0.53 0.64 bird 0.31 0.09 0.16 0.82 0.99 
335,bird 0.47 0.24 0.28 0.39 0.50 bird 0.47 0.27 0.30 0.54 0.64 
336,bird 0.48 0.24 0.28 0.38 0.50 bird 0.43 0.27 0.30 0.54 0.64 
337,bird 0.49 0.23 0.27 0.38 0.50 bird 0.32 0.45 0.49 0.44 0.58 bird 0.30 0.46 0.52 0.37 0.64 bird 0.38 0.28 0.30 0.53 0.64 
338,bird 0.45 0.23 0.27 0.37 0.50 bird 0.33 0.23 0.29 0.39 0.62 bird 0.38 0.45 0.49 0.45 0.58 bird 0.43 0.28 0.30 0.53 0.65 
339,bird 0.45 0.23 0.27 0.37 0.50 bird 0.35 0.24 0.30 0.38 0.62 bird 0.36 0.36 0.39 0.48 0.57 bird 0.34 0.46 0.52 0.37 0.63 bird 0.46 0.28 0.31 0.53 0.64 
340,bird 0.57 0.23 0.27 0.36 0.50 bird 0.40 0.47 0.50 0.35 0.47 bird 0.39 0.36 0.39 0.48 0.57 bird 0.32 0.46 0.49 0.44 0.57 bird 0.48 0.28 0.31 0.53 0.64 
341,bird 0.51 0.23 0.27 0.36 0.48 bird 0.36 0.47 0.50 0.36 0.47 bird 0.42 0.23 0.31 0.37 0.62 bird 0.42 0.36 0.39 0.48 0.57 bird 0.33 0.46 0.52 0.37 0.63 bird 0.48 0.28 0.31 0.53 0.64 
342,bird 0.41 0.23 0.27 0.37 0.48 bird 0.34 0.48 0.51 0.36 0.47 bird 0.40 0.23 0.31 0.37 0.64 bird 0.34 0.36 0.39 0.48 0.57 bird 0.31 0.47 0.52 0.37 0.63 bird 0.48 0.28 0.31 0.52 0.64 
343,bird 0.46 0.23 0.27 0.36 0.48 bird 0.31 0.47 0.50 0.36 0.47 bird 0.42 0.23 0.30 0.37 0.62 bird 0.46 0.28 0.31 0.53 0.63 
344,bird 0.52 0.23 0.28 0.37 0.48 bird 0.31 0.48 0.51 0.37 0.47 bird 0.32 0.24 0.31 0.38 0.61 bird 0.40 0.28 0.31 0.53 0.63 
345,bird 0.53 0.23 0.28 0.37 0.48 bird 0.33 0.48 0.51 0.36 0.47 bird 0.48 0.28 0.31 0.52 0.62 
346,bird 0.60 0.23 0.27 0.36 0.49 bird 0.33 0.36 0.39 0.49 0.56 bird 0.50 0.29 0.31 0.51 0.62 
347,bird 0.56 0.23 0.28 0.36 0.48 bird 0.31 0.36 0.39 0.49 0.56 bird 0.33 0.48 0.53 0.37 0.64 bird 0.48 0.29 0.31 0.51 0.62 
348,bird 0.60 0.22 0.27 0.36 0.47 bird 0.34 0.36 0.39 0.49 0.57 bird 0.36 0.47 0.53 0.37 0.63 bird 0.50 0.29 0.31 0.52 0.62 bird 0.35 0.38 0.42 0.52 0.62 
349,bird 0.51 0.22 0.27 0.36 0.47 bird 0.34 0.36 0.39 0.48 0.57 bird 0.41 0.48 0.53 0.36 0.63 bird 0.49 0.29 0.31 0.52 0.61 bird 0.36 0.38 0.42 0.51 0.61 
350,bird 0.59 0.22 0.27 0.36 0.48 bird 0.36 0.48 0.53 0.37 0.63 bird 0.55 0.28 0.31 0.50 0.62 bird 0.48 0.38 0.41 0.50 0.62 
351,bird 0.60 0.22 0.27 0.36 0.47 bird 0.32 0.49 0.53 0.37 0.47 bird 0.32 0.48 0.53 0.37 0.63 bird 0.51 0.28 0.31 0.50 0.61 bird 0.49 0.38 0.41 0.51 0.62 
352,bird 0.58 0.22 0.27 0.36 0.47 bird 0.39 0.48 0.53 0.38 0.64 bird 0.48 0.28 0.32 0.49 0.62 bird 0.42 0.38 0.41 0.51 0.63 
353,bird 0.54 0.22 0.27 0.37 0.46 bird 0.35 0.36 0.39 0.48 0.56 bird 0.39 0.48 0.54 0.38 0.64 bird 0.42 0.28 0.32 0.50 0.61 
354,bird 0.47 0.22 0.27 0.37 0.47 bird 0.32 0.50 0.53 0.38 0.48 bird 0.39 0.36 0.39 0.48 0.56 bird 0.34 0.48 0.54 0.38 0.63 bird 0.45 0.28 0.32 0.51 0.60 
355,bird 0.43 0.22 0.29 0.37 0.52 bird 0.39 0.50 0.53 0.37 0.49 bird 0.32 0.36 0.39 0.47 0.56 bird 0.42 0.48 0.54 0.38 0.63 bird 0.36 0.28 0.32 0.50 0.60 
356,bird 0.39 0.22 0.27 0.37 0.47 bird 0.33 0.50 0.53 0.38 0.48 bird 0.31 0.27 0.31 0.47 0.55 bird 0.41 0.47 0.54 0.38 0.64 bird 0.42 0.28 0.31 0.51 0.59 bird 0.34 0.36 0.39 0.49 0.62 
357,bird 0.53 0.22 0.29 0.37 0.51 bird 0.32 0.51 0.53 0.38 0.48 bird 0.40 0.48 0.54 0.38 0.63 bird 0.46 0.28 0.31 0.52 0.60 bird 0.47 0.35 0.39 0.50 0.62 
358,bird 0.63 0.21 0.28 0.37 0.50 bird 0.30 0.27 0.30 0.47 0.55 bird 0.40 0.48 0.53 0.39 0.63 bird 0.33 0.28 0.31 0.52 0.60 bird 0.45 0.36 0.39 0.49 0.63 
359,bird 0.67 0.21 0.27 0.36 0.47 bird 0.37 0.48 0.54 0.39 0.63 bird 0.32 0.28 0.31 0.52 0.60 bird 0.49 0.36 0.39 0.49 0.63 
